vendor_id,vendor_name,vendor_type,msme_flag,location,contract_value_lakhs,relationship_years,avg_delay_days,max_delay_days,delay_frequency,avg_planned_days,audit_score,rejection_rate_pct,penalty_cases,quality_risk_flag,avg_payment_delay,payment_risk_ratio,total_invoice_amount,delivery_score,quality_score,compliance_score,commercial_score,VPI_Score,VPI_Category
V0001,Vendor_V0001,Infra,0,Hyderabad,375,5,2.375,9,0.625,36.958333333333336,70.0,5.59,0,1,5.4,0.0,843,0.652972027972028,0.10230215827338131,1.0,0.8491071428571428,66.70162840756366,Medium
V0002,Vendor_V0002,Services,0,Pune,343,12,2.6666666666666665,7,0.75,35.583333333333336,75.0,1.84,1,1,6.782608695652174,0.1304347826086956,1345,0.5486013986013987,0.39380229150013313,0.8333333333333334,0.4670031055900621,65.20793407405857,Medium
V0003,Vendor_V0003,OEM,0,Chennai,152,11,1.5,8,0.4583333333333333,33.916666666666664,96.0,7.15,2,0,5.954545454545454,0.0454545454545454,1438,0.8410839160839161,0.7090381028510524,0.6666666666666667,0.710430194805195,59.582781202610335,Medium
V0004,Vendor_V0004,OEM,1,Pune,146,11,3.7083333333333335,12,0.8333333333333334,35.75,92.0,6.45,0,0,7.071428571428571,0.0714285714285714,1771,0.39370629370629373,0.6355502264854783,1.0,0.5704719387755103,47.60387977259124,Low
V0005,Vendor_V0005,Infra,1,Hyderabad,125,1,4.291666666666667,13,0.75,33.0,84.0,2.34,5,0,6.285714285714286,0.0,1152,0.384965034965035,0.6055528910205167,0.16666666666666674,0.7818877551020408,54.62962782335856,Medium
V0006,Vendor_V0006,Infra,1,Bangalore,623,13,1.9166666666666667,7,0.5,32.041666666666664,81.0,5.86,1,0,6.1,0.0,1132,0.7741258741258741,0.3758326671995737,0.8333333333333334,0.7959821428571429,65.98761692444246,Medium
V0007,Vendor_V0007,Infra,0,Hyderabad,397,1,2.958333333333333,10,0.75,33.458333333333336,90.0,5.22,1,0,6.68,0.08,1629,0.5192307692307693,0.6367918998134823,0.8333333333333334,0.5819642857142857,54.44773598703455,Medium
V0008,Vendor_V0008,Services,0,Bangalore,70,10,2.5416666666666665,8,0.5833333333333334,32.166666666666664,89.0,2.29,1,0,9.862068965517242,0.1379310344827586,1767,0.6611888111888111,0.7373407940314415,0.8333333333333334,0.2173645320197044,60.42894760288087,Medium
V0009,Vendor_V0009,OEM,1,Mumbai,48,9,4.041666666666667,11,0.7916666666666666,33.583333333333336,71.0,2.91,2,1,5.526315789473684,0.0526315789473684,1106,0.3851398601398601,0.24391153743671706,0.6666666666666667,0.7276785714285714,59.47307449271667,Medium
V0010,Vendor_V0010,OEM,0,Hyderabad,481,7,1.5,5,0.5,32.583333333333336,74.0,3.86,1,1,7.275862068965517,0.0689655172413793,1762,0.8160839160839161,0.2806821209698906,0.8333333333333334,0.5601908866995073,68.97224248401065,Medium
V0011,Vendor_V0011,Infra,0,Mumbai,315,1,2.75,9,0.5,32.958333333333336,78.0,5.89,3,1,9.2,0.1,1262,0.6902097902097902,0.2967599253930189,0.5,0.34821428571428564,46.774464743889204,Low
V0012,Vendor_V0012,Services,0,Chennai,316,12,3.875,12,0.7916666666666666,34.458333333333336,89.0,5.47,4,0,8.318181818181818,0.0909090909090909,1664,0.40192307692307694,0.6000746069810818,0.33333333333333337,0.4344561688311687,37.84060700989657,Low
V0013,Vendor_V0013,Services,0,Pune,745,14,4.958333333333333,11,0.875,34.291666666666664,83.0,4.73,2,0,7.0,0.0,1265,0.24283216783216788,0.4764614974686916,0.6666666666666667,0.7276785714285714,46.855967773233964,Low
V0014,Vendor_V0014,Infra,1,Bangalore,798,8,1.4583333333333333,7,0.375,38.16666666666666,87.0,6.38,2,0,6.142857142857143,0.0714285714285714,1966,0.8952797202797202,0.5089421795896614,0.6666666666666667,0.6409438775510203,62.83478404945516,Medium
V0015,Vendor_V0015,Infra,1,Pune,426,3,3.2916666666666665,8,0.8333333333333334,36.04166666666666,91.0,6.31,2,0,8.666666666666666,0.1111111111111111,1274,0.4356643356643357,0.6156674660271781,0.6666666666666667,0.36507936507936506,39.18755505086441,Low
V0016,Vendor_V0016,Infra,1,Mumbai,788,8,2.5416666666666665,9,0.5416666666666666,36.083333333333336,77.0,5.33,2,1,7.588235294117647,0.1176470588235294,999,0.6861888111888113,0.29500666133759645,0.6666666666666667,0.43303571428571425,53.97029678954139,Medium
V0017,Vendor_V0017,Infra,0,Bangalore,632,5,4.125,10,0.7916666666666666,33.041666666666664,71.0,6.51,1,1,8.25,0.2,1489,0.3767482517482518,0.08851585398347969,0.8333333333333334,0.20781249999999984,36.27931072973789,Low
V0018,Vendor_V0018,OEM,0,Pune,424,1,0.875,7,0.3333333333333333,37.0,78.0,3.34,2,1,8.5,0.05,1376,0.979020979020979,0.4068318678390621,0.6666666666666667,0.5075892857142856,72.2095829080991,Medium
V0019,Vendor_V0019,OEM,0,Hyderabad,365,7,5.25,12,0.8333333333333334,34.291666666666664,76.0,7.17,2,1,6.071428571428571,0.0,1508,0.2384615384615385,0.18965627498001608,0.6666666666666667,0.7981505102040816,40.151626540212106,Low
V0020,Vendor_V0020,Infra,0,Delhi,641,5,3.125,11,0.75,36.833333333333336,87.0,5.3,2,0,8.65,0.2,1188,0.5024475524475525,0.5555608846256326,0.6666666666666667,0.17745535714285698,41.51525778627847,Low
V0021,Vendor_V0021,OEM,0,Mumbai,439,6,5.458333333333333,13,0.9166666666666666,33.375,96.0,6.76,5,0,7.413793103448276,0.1379310344827586,1788,0.16748251748251752,0.7258726352251531,0.16666666666666674,0.4031711822660099,22.633800629412768,Low
V0022,Vendor_V0022,Infra,1,Pune,201,6,2.1666666666666665,11,0.5833333333333334,34.333333333333336,85.0,4.82,2,0,7.071428571428571,0.0714285714285714,1711,0.6989510489510489,0.5244284572342124,0.6666666666666667,0.5704719387755103,59.267014299934395,Medium
V0023,Vendor_V0023,Infra,1,Mumbai,20,8,4.166666666666667,13,0.7916666666666666,35.666666666666664,90.0,2.53,3,0,7.142857142857143,0.0952380952380952,1357,0.37255244755244754,0.7529070077271514,0.5,0.5144557823129252,52.42910534566495,Medium
V0024,Vendor_V0024,Infra,0,Mumbai,586,9,2.333333333333333,8,0.625,38.125,74.0,4.8,0,1,6.96,0.0,1415,0.6571678321678321,0.24010658140154528,1.0,0.7307142857142856,66.13142945184313,Medium
V0025,Vendor_V0025,OEM,1,Bangalore,390,2,4.25,12,0.7916666666666666,37.125,92.0,3.6,2,0,6.235294117647059,0.1176470588235294,1022,0.3641608391608392,0.7585718092192912,0.6666666666666667,0.5357142857142857,51.91440978086661,Medium
V0026,Vendor_V0026,Services,1,Bangalore,680,9,3.4166666666666665,13,0.7083333333333334,35.583333333333336,84.0,5.88,2,0,6.666666666666667,0.0,1632,0.498076923076923,0.45274713562483326,0.6666666666666667,0.7529761904761905,52.403030872005694,Medium
V0027,Vendor_V0027,Infra,0,Delhi,450,12,4.166666666666667,11,0.75,32.833333333333336,74.0,4.33,1,1,3.931034482758621,0.0,1884,0.39755244755244756,0.2603943511857179,0.8333333333333334,0.9605911330049262,63.252036198730565,Medium
V0028,Vendor_V0028,OEM,1,Hyderabad,328,11,2.5,13,0.7083333333333334,32.25,80.0,6.85,2,0,9.482758620689657,0.0689655172413793,1757,0.5903846153846153,0.3071729283240074,0.6666666666666667,0.3927032019704432,42.648072902042145,Low
V0029,Vendor_V0029,OEM,0,Mumbai,156,10,1.4166666666666667,9,0.4583333333333333,32.958333333333336,91.0,5.75,1,0,9.5,0.1923076923076923,1858,0.8494755244755245,0.6398401278976817,0.8333333333333334,0.12929258241758235,53.0849737043532,Medium
V0030,Vendor_V0030,Infra,0,Pune,221,9,4.25,14,0.7916666666666666,35.666666666666664,83.0,5.79,2,0,8.533333333333333,0.1333333333333333,1038,0.3641608391608392,0.4307061017852384,0.6666666666666667,0.3279761904761905,38.13790241533047,Low
V0031,Vendor_V0031,OEM,0,Chennai,455,13,5.291666666666667,17,0.9166666666666666,35.458333333333336,94.0,2.52,4,0,6.1875,0.0,924,0.18426573426573423,0.8570423661071143,0.33333333333333337,0.7893415178571428,49.599115334979764,Low
V0032,Vendor_V0032,Infra,1,Mumbai,332,10,4.458333333333333,13,0.9166666666666666,30.875,88.0,7.89,3,0,6.777777777777778,0.0555555555555555,1119,0.2681818181818182,0.4696882494004795,0.5,0.6264880952380953,31.87472424657677,Low
V0033,Vendor_V0033,Infra,0,Mumbai,136,10,2.708333333333333,6,0.7083333333333334,35.25,72.0,6.89,1,1,7.523809523809524,0.0476190476190476,1398,0.5694055944055944,0.09803890221156403,0.8333333333333334,0.5867346938775511,49.67221958839379,Low
V0034,Vendor_V0034,Services,0,Delhi,685,7,1.625,8,0.4583333333333333,33.25,93.0,6.52,3,0,6.571428571428571,0.0714285714285714,1890,0.8284965034965035,0.6584545696775911,0.5,0.6084183673469388,56.420981061590005,Medium
V0035,Vendor_V0035,Services,0,Hyderabad,594,1,4.291666666666667,10,0.875,31.33333333333333,79.0,3.31,3,1,7.052631578947368,0.0,1006,0.30996503496503497,0.4340527577937648,0.5,0.7236842105263157,51.58181285299328,Medium
V0036,Vendor_V0036,Services,0,Chennai,263,7,3.7916666666666665,12,0.8333333333333334,35.541666666666664,97.0,4.75,4,0,9.090909090909092,0.0909090909090909,1316,0.3853146853146853,0.8385611510791366,0.33333333333333337,0.37581168831168815,38.0134209315864,Low
V0037,Vendor_V0037,Infra,1,Bangalore,556,10,1.5416666666666667,6,0.5,33.541666666666664,75.0,1.96,3,1,6.068965517241379,0.0689655172413793,2186,0.8118881118881119,0.3886224353850253,0.5,0.6517857142857142,73.41475954583744,Medium
V0038,Vendor_V0038,Infra,1,Bangalore,621,5,3.9583333333333335,17,0.8333333333333334,35.375,97.0,4.77,1,0,7.85,0.1,1129,0.3685314685314685,0.8376978417266187,0.8333333333333334,0.4506696428571428,47.32095838064813,Low
V0039,Vendor_V0039,OEM,0,Pune,94,6,2.9166666666666665,13,0.625,35.25,95.0,2.02,2,0,8.73076923076923,0.0769230769230769,1393,0.5984265734265733,0.9045510258459897,0.6666666666666667,0.432864010989011,61.8724946366583,Medium
V0040,Vendor_V0040,OEM,0,Chennai,405,10,5.291666666666667,14,0.875,38.0,72.0,4.87,2,1,7.222222222222222,0.1111111111111111,1211,0.20926573426573425,0.18523314681588052,0.6666666666666667,0.4747023809523809,40.00531492887608,Low
V0041,Vendor_V0041,Infra,0,Bangalore,229,7,2.4166666666666665,8,0.5833333333333334,30.45833333333333,71.0,5.54,2,1,6.714285714285714,0.0476190476190476,1108,0.6737762237762237,0.13038635758060196,0.6666666666666667,0.648171768707483,57.66296792022639,Medium
V0042,Vendor_V0042,OEM,0,Pune,494,14,1.875,7,0.5416666666666666,37.16666666666666,82.0,3.73,3,0,5.375,0.0,949,0.7533216783216783,0.49370103916866487,0.5,0.8510044642857142,69.50251721075686,Medium
V0043,Vendor_V0043,Infra,0,Hyderabad,437,5,5.291666666666667,14,0.875,38.04166666666666,87.0,4.49,2,0,8.275862068965518,0.1034482758620689,1656,0.20926573426573425,0.590524913402611,0.6666666666666667,0.4110221674876848,39.298979750713194,Low
V0044,Vendor_V0044,Services,0,Pune,366,7,3.875,11,0.8333333333333334,34.708333333333336,71.0,7.13,0,1,9.538461538461538,0.1538461538461538,1847,0.3769230769230769,0.06175326405542213,1.0,0.2081043956043956,35.47874337892324,Low
V0045,Vendor_V0045,Infra,0,Bangalore,548,9,2.708333333333333,8,0.5833333333333334,35.625,84.0,1.76,1,0,7.827586206896552,0.0689655172413793,2215,0.6444055944055944,0.6305888622435383,0.8333333333333334,0.5183189655172413,69.339097627131,Medium
V0046,Vendor_V0046,OEM,1,Delhi,659,3,5.041666666666667,16,0.75,33.291666666666664,74.0,6.54,1,1,6.172413793103448,0.0344827586206896,1745,0.3094405594405594,0.1649986677324805,0.8333333333333334,0.717210591133005,45.79667533842987,Low
V0047,Vendor_V0047,Infra,1,Delhi,782,8,0.9583333333333334,5,0.375,34.541666666666664,84.0,2.2,1,0,6.666666666666667,0.0,851,0.9456293706293706,0.6115960564881425,0.8333333333333334,0.7529761904761905,83.89218919569639,High
V0048,Vendor_V0048,OEM,0,Delhi,198,2,5.083333333333333,11,0.875,33.958333333333336,97.0,1.26,1,0,8.0625,0.125,1199,0.2302447552447553,0.9892086330935251,0.8333333333333334,0.3814174107142856,53.68681692071418,Medium
V0049,Vendor_V0049,OEM,0,Bangalore,201,11,3.583333333333333,9,0.8333333333333334,38.25,90.0,2.3,3,0,7.869565217391305,0.0869565217391304,1421,0.4062937062937063,0.7628350652811082,0.5,0.47690217391304346,52.97439374435386,Medium
V0050,Vendor_V0050,Infra,1,Delhi,683,7,2.4166666666666665,8,0.625,35.833333333333336,86.0,6.36,0,0,6.96,0.08,1712,0.6487762237762238,0.48387956301625357,1.0,0.5607142857142857,56.840198380755936,Medium
V0051,Vendor_V0051,Services,0,Chennai,44,13,1.4583333333333333,7,0.4583333333333333,33.0,71.0,3.84,2,1,4.583333333333333,0.0416666666666666,1557,0.8452797202797202,0.20376765254463075,0.6666666666666667,0.822544642857143,74.91205717993039,Medium
V0052,Vendor_V0052,Services,1,Hyderabad,199,2,5.791666666666667,10,0.9166666666666666,32.791666666666664,87.0,7.11,1,0,5.133333333333334,0.0666666666666666,1113,0.1339160839160839,0.4774313882227549,0.8333333333333334,0.7276785714285715,38.47678056356114,Low
V0053,Vendor_V0053,Services,1,Pune,729,14,1.9166666666666667,9,0.6666666666666666,34.541666666666664,84.0,4.67,2,0,6.5,0.05,1221,0.6741258741258742,0.5049773514521714,0.6666666666666667,0.6593749999999999,60.98247817829653,Medium
V0054,Vendor_V0054,Services,0,Pune,520,4,1.9583333333333333,9,0.5416666666666666,34.708333333333336,89.0,1.16,1,0,8.0625,0.0625,819,0.7449300699300699,0.7861177724487076,0.8333333333333334,0.5142299107142856,74.69228964044049,Medium
V0055,Vendor_V0055,OEM,0,Bangalore,180,7,3.625,10,0.6666666666666666,33.916666666666664,92.0,6.02,1,0,6.0,0.0,1766,0.5020979020979022,0.654111377564615,0.8333333333333334,0.8035714285714286,56.15549019325998,Medium
V0056,Vendor_V0056,Services,1,Delhi,196,3,2.458333333333333,9,0.6666666666666666,36.25,72.0,1.77,1,1,5.782608695652174,0.0,1634,0.6195804195804198,0.31904609645616827,0.8333333333333334,0.8200698757763976,75.85429730966563,High
V0057,Vendor_V0057,Infra,0,Delhi,304,2,3.083333333333333,10,0.6666666666666666,37.75,74.0,6.53,2,1,6.904761904761905,0.0476190476190476,1156,0.5566433566433566,0.1654303224087395,0.6666666666666667,0.6337159863945578,49.55538113393971,Low
V0058,Vendor_V0058,Infra,0,Mumbai,82,11,2.2916666666666665,8,0.6666666666666666,34.291666666666664,80.0,2.18,2,0,8.666666666666666,0.0666666666666666,1068,0.6363636363636365,0.508755662136957,0.6666666666666667,0.45952380952380967,63.03920240431032,Medium
V0059,Vendor_V0059,Infra,1,Hyderabad,681,10,2.2916666666666665,9,0.5416666666666666,33.541666666666664,78.0,3.42,2,1,4.875,0.0,831,0.7113636363636364,0.40337863042899014,0.6666666666666667,0.8889508928571428,72.85741658296739,Medium
V0060,Vendor_V0060,Infra,0,Chennai,685,7,2.6666666666666665,9,0.7083333333333334,36.958333333333336,74.0,6.33,2,1,6.181818181818182,0.0454545454545454,1802,0.5736013986013986,0.17406341593391939,0.6666666666666667,0.6931818181818182,52.47388627559491,Medium
V0061,Vendor_V0061,Infra,0,Pune,175,1,2.125,7,0.6666666666666666,37.41666666666666,94.0,7.68,1,0,7.0,0.1034482758620689,1625,0.6531468531468532,0.6343085531574739,0.8333333333333334,0.507850985221675,48.545894768218645,Low
V0062,Vendor_V0062,Infra,1,Mumbai,488,14,4.166666666666667,11,0.8333333333333334,33.416666666666664,70.0,3.6,1,1,6.045454545454546,0.0,1404,0.3475524475524475,0.18820143884892085,0.8333333333333334,0.8001217532467532,59.188854086560916,Medium
V0063,Vendor_V0063,Services,0,Mumbai,68,8,2.083333333333333,8,0.625,34.125,94.0,6.81,2,0,6.827586206896552,0.1034482758620689,1803,0.6823426573426573,0.6718625099920064,0.6666666666666667,0.520935960591133,50.64530057204022,Medium
V0064,Vendor_V0064,Infra,0,Bangalore,103,3,2.0,8,0.625,35.333333333333336,83.0,2.34,2,0,4.6923076923076925,0.0384615384615384,1490,0.6907342657342658,0.5796269650945909,0.6666666666666667,0.8210851648351649,74.62766549996766,Medium
V0065,Vendor_V0065,Infra,1,Pune,380,12,3.6666666666666665,11,0.6666666666666666,32.416666666666664,74.0,6.65,3,1,6.25,0.0,648,0.49790209790209794,0.16025046629363157,0.5,0.7845982142857142,48.1802465744687,Low
V0066,Vendor_V0066,OEM,0,Bangalore,708,12,3.125,11,0.5416666666666666,35.166666666666664,77.0,5.6,2,1,8.272727272727273,0.1363636363636363,1146,0.6274475524475525,0.2833519850786037,0.6666666666666667,0.3413149350649351,48.6871357060206,Low
V0067,Vendor_V0067,Infra,1,Chennai,167,13,2.2916666666666665,8,0.625,33.958333333333336,90.0,2.35,1,0,5.7368421052631575,0.0,1148,0.6613636363636364,0.7606767918998132,0.8333333333333334,0.8235432330827068,75.36910765304366,High
V0068,Vendor_V0068,Services,1,Mumbai,649,2,5.666666666666667,12,0.875,33.0,83.0,3.12,2,0,7.12,0.08,1377,0.1715034965034965,0.5459579003463895,0.6666666666666667,0.5485714285714285,46.59649801637211,Low
V0069,Vendor_V0069,Infra,0,Mumbai,361,3,2.9166666666666665,9,0.625,35.708333333333336,97.0,1.92,2,0,5.666666666666667,0.0,932,0.5984265734265733,0.9607194244604316,0.6666666666666667,0.8288690476190476,72.47774258115984,Medium
V0070,Vendor_V0070,Services,0,Hyderabad,495,5,3.125,9,0.7916666666666666,34.458333333333336,85.0,3.68,2,0,7.333333333333333,0.0833333333333333,1264,0.4774475524475525,0.5736370903277377,0.6666666666666667,0.5252976190476191,54.361197106251055,Medium
V0071,Vendor_V0071,Services,0,Chennai,82,11,1.7916666666666667,9,0.5416666666666666,34.875,75.0,2.43,2,1,7.136363636363637,0.0909090909090909,1156,0.7617132867132868,0.3683346656008526,0.6666666666666667,0.5241477272727271,69.08461255471147,Medium
V0072,Vendor_V0072,Infra,0,Mumbai,720,8,1.5833333333333333,8,0.4166666666666667,32.958333333333336,77.0,5.51,2,1,7.227272727272727,0.0454545454545454,1574,0.8576923076923078,0.2872368771649346,0.6666666666666667,0.6138392857142858,63.24211422570236,Medium
V0073,Vendor_V0073,Infra,0,Chennai,379,10,3.9583333333333335,10,0.75,36.54166666666666,71.0,7.96,1,1,8.083333333333334,0.125,1109,0.4185314685314685,0.025925925925925762,0.8333333333333334,0.3798363095238094,36.12738823676324,Low
V0074,Vendor_V0074,Services,1,Pune,580,7,5.916666666666667,16,0.8333333333333334,35.25,88.0,1.08,0,0,6.913043478260869,0.0,1310,0.1713286713286713,0.7636450839328536,1.0,0.734277950310559,62.90416232578807,Medium
V0075,Vendor_V0075,OEM,0,Delhi,346,7,4.0,13,0.7916666666666666,37.29166666666666,96.0,4.79,1,0,4.88,0.04,1473,0.38933566433566436,0.8109086064481746,0.8333333333333334,0.8035714285714286,57.3587093661734,Medium
V0076,Vendor_V0076,OEM,0,Mumbai,788,12,5.625,15,0.7083333333333334,36.125,78.0,5.02,5,1,6.214285714285714,0.0357142857142857,1689,0.27569930069930065,0.3343138822275513,0.16666666666666674,0.7114158163265306,40.096085986213176,Low
V0077,Vendor_V0077,Services,1,Hyderabad,755,7,4.208333333333333,11,0.7916666666666666,34.666666666666664,74.0,7.4,4,1,6.777777777777778,0.0,2061,0.3683566433566434,0.12787636557420712,0.33333333333333337,0.7445436507936507,37.150086124906274,Low
V0078,Vendor_V0078,Infra,0,Pune,160,8,3.625,12,0.75,33.291666666666664,74.0,4.54,3,1,7.576923076923077,0.0384615384615384,1557,0.4520979020979021,0.2513296029842791,0.5,0.6021634615384617,49.3792998817729,Low
V0079,Vendor_V0079,Infra,1,Chennai,234,1,4.75,12,0.875,34.75,94.0,4.81,2,0,7.0,0.1739130434782608,1231,0.26381118881118887,0.7581934452438048,0.6666666666666667,0.35811335403726713,39.87619434053592,Low
V0080,Vendor_V0080,Infra,0,Bangalore,454,4,1.7916666666666667,5,0.5,37.583333333333336,95.0,4.3,2,0,6.64,0.08,1894,0.7867132867132867,0.8061337596589393,0.6666666666666667,0.585,64.88924384967551,Medium
V0081,Vendor_V0081,Services,0,Pune,742,13,2.75,12,0.625,38.54166666666666,88.0,2.88,2,0,6.76,0.04,1800,0.6152097902097902,0.6859472422062349,0.6666666666666667,0.6608928571428571,65.39466001624274,Medium
V0082,Vendor_V0082,OEM,1,Mumbai,337,6,2.0416666666666665,7,0.5833333333333334,36.16666666666666,73.0,1.39,2,1,6.260869565217392,0.0,1478,0.7115384615384615,0.3613749000799361,0.6666666666666667,0.7837732919254659,76.90590766755922,High
V0083,Vendor_V0083,Infra,1,Chennai,51,9,0.6666666666666666,6,0.3333333333333333,32.416666666666664,85.0,3.86,0,0,6.0,0.05,1431,1.0,0.5658673061550757,1.0,0.6973214285714285,81.73034429599177,High
V0084,Vendor_V0084,Infra,1,Delhi,689,13,4.875,10,0.9166666666666666,34.583333333333336,85.0,1.37,1,0,6.241379310344827,0.0689655172413793,1842,0.22622377622377624,0.673349320543565,0.8333333333333334,0.6387007389162561,59.580701254215896,Medium
V0085,Vendor_V0085,Infra,1,Pune,304,2,1.375,7,0.5416666666666666,34.791666666666664,85.0,4.85,1,0,7.333333333333333,0.074074074074074,1506,0.8036713286713288,0.5231334932054356,0.8333333333333334,0.5449735449735451,64.54520840537027,Medium
V0086,Vendor_V0086,Infra,1,Mumbai,324,1,2.2916666666666665,7,0.7083333333333334,36.75,76.0,3.15,0,1,5.789473684210527,0.0,1082,0.6113636363636363,0.3631814548361312,1.0,0.819548872180451,72.99657898424937,Medium
V0087,Vendor_V0087,OEM,0,Hyderabad,448,13,3.333333333333333,11,0.6666666666666666,37.208333333333336,87.0,4.74,4,0,7.333333333333333,0.037037037037037,1923,0.5314685314685316,0.5797335464961362,0.33333333333333337,0.6236772486772488,49.629039359255195,Low
V0088,Vendor_V0088,OEM,0,Bangalore,496,10,3.458333333333333,11,0.7083333333333334,35.208333333333336,93.0,1.94,2,0,7.105263157894737,0.1052631578947368,1116,0.49388111888111885,0.8561524114042098,0.6666666666666667,0.49600563909774437,60.96355816655892,Medium
V0089,Vendor_V0089,Services,1,Chennai,305,12,2.9166666666666665,12,0.5833333333333334,34.125,90.0,7.53,0,0,5.961538461538462,0.0769230769230769,1683,0.6234265734265734,0.537079669597655,1.0,0.6430288461538461,54.294795806711285,Medium
V0090,Vendor_V0090,OEM,1,Pune,163,14,3.208333333333333,9,0.7083333333333334,35.125,70.0,7.26,2,1,8.3125,0.125,1084,0.519055944055944,0.03021582733812954,0.6666666666666667,0.3624441964285713,39.07859297289939,Low
V0091,Vendor_V0091,Infra,1,Pune,443,2,4.583333333333333,11,0.875,34.291666666666664,72.0,2.33,0,1,7.296296296296297,0.037037037037037,1867,0.2805944055944057,0.29487343458566473,1.0,0.6264880952380953,59.49912530847783,Medium
V0092,Vendor_V0092,OEM,0,Delhi,38,7,4.0,12,0.6666666666666666,34.5,94.0,3.4,3,0,6.0,0.1,1090,0.46433566433566437,0.8190567545963229,0.5,0.5910714285714285,55.07120936617339,Medium
V0093,Vendor_V0093,Services,0,Delhi,37,3,3.9583333333333335,11,0.875,37.0,90.0,5.29,2,0,7.272727272727272,0.0454545454545454,1248,0.34353146853146854,0.6337703170796694,0.6666666666666667,0.6103896103896105,45.64546290040894,Low
V0094,Vendor_V0094,OEM,1,Hyderabad,788,10,4.708333333333333,15,0.7916666666666666,36.5,77.0,1.67,1,1,6.344827586206897,0.0,1857,0.3180069930069931,0.45299227284838783,0.8333333333333334,0.7774014778325122,64.56901004911735,Medium
V0095,Vendor_V0095,Services,0,Bangalore,609,2,2.583333333333333,8,0.625,34.416666666666664,70.0,3.48,1,1,7.3125,0.0625,776,0.631993006993007,0.19338129496402878,0.8333333333333334,0.5711495535714286,64.08165308724548,Medium
V0096,Vendor_V0096,OEM,1,Hyderabad,390,14,1.875,7,0.5,36.125,76.0,2.76,3,1,5.652173913043479,0.0434782608695652,1287,0.7783216783216783,0.3800159872102319,0.5,0.7375776397515528,71.4503341513038,Medium
V0097,Vendor_V0097,OEM,1,Mumbai,194,11,2.833333333333333,9,0.6666666666666666,33.458333333333336,76.0,7.41,3,1,7.0,0.0,984,0.5818181818181818,0.17929656274980024,0.5,0.7276785714285714,46.536047136316924,Low
V0098,Vendor_V0098,OEM,0,Mumbai,213,7,2.333333333333333,9,0.5,34.416666666666664,77.0,6.97,3,1,7.0,0.04,1357,0.7321678321678322,0.22421529443112165,0.5,0.6426785714285714,51.847102627588235,Medium
V0099,Vendor_V0099,Infra,1,Hyderabad,521,13,5.25,13,0.875,35.25,88.0,5.06,0,0,8.263157894736842,0.1578947368421052,1078,0.21346153846153848,0.5918465227817744,1.0,0.2962875939849624,40.10343026908723,Low
V0100,Vendor_V0100,Infra,1,Bangalore,132,13,5.625,16,0.9166666666666666,31.58333333333333,86.0,4.64,0,0,8.0,0.12,1366,0.1506993006993007,0.5581241673328003,1.0,0.3967857142857142,41.62766082838025,Low
V0101,Vendor_V0101,Infra,0,Hyderabad,133,2,2.583333333333333,8,0.7083333333333334,35.625,80.0,7.52,3,0,7.137931034482759,0.1034482758620689,1781,0.5819930069930069,0.2782520650146548,0.5,0.4973830049261084,41.33143338923542,Low
V0102,Vendor_V0102,OEM,1,Bangalore,241,3,1.8333333333333333,5,0.5833333333333334,36.958333333333336,84.0,7.53,3,0,7.48,0.04,1421,0.7325174825174825,0.38152411404209946,0.5,0.60625,48.54317867384415,Low
V0103,Vendor_V0103,Infra,0,Bangalore,697,11,3.4166666666666665,11,0.7083333333333334,31.541666666666668,78.0,7.79,1,1,5.375,0.0,959,0.498076923076923,0.21474553690381026,0.8333333333333334,0.8510044642857142,50.9733754891691,Medium
V0104,Vendor_V0104,OEM,1,Chennai,663,7,2.583333333333333,8,0.7083333333333334,32.25,86.0,1.88,4,0,7.416666666666667,0.125,1510,0.5819930069930069,0.6772608579802823,0.33333333333333337,0.43043154761904756,57.568633592127306,Medium
V0105,Vendor_V0105,Services,0,Bangalore,283,14,0.7916666666666666,5,0.3333333333333333,34.416666666666664,80.0,2.12,0,0,7.6923076923076925,0.1538461538461538,1681,0.9874125874125874,0.511345590194511,1.0,0.34821428571428575,79.30327316568324,High
V0106,Vendor_V0106,Infra,1,Delhi,74,4,1.5416666666666667,7,0.4583333333333333,35.625,75.0,5.74,1,1,6.125,0.125,1082,0.836888111888112,0.225456967759126,0.8333333333333334,0.5284598214285714,63.24609321658558,Medium
V0107,Vendor_V0107,OEM,0,Bangalore,662,13,3.583333333333333,10,0.7916666666666666,33.166666666666664,78.0,4.79,3,1,7.444444444444445,0.1111111111111111,904,0.43129370629370634,0.3442419397815081,0.5,0.45783730158730146,44.89639806636209,Low
V0108,Vendor_V0108,Services,0,Bangalore,797,14,2.583333333333333,11,0.5416666666666666,37.54166666666666,87.0,1.13,2,0,6.115384615384615,0.0769230769230769,1647,0.6819930069930071,0.7355608846256325,0.6666666666666667,0.631353021978022,74.02248493413063,Medium
V0109,Vendor_V0109,Infra,1,Bangalore,477,1,3.4166666666666665,9,0.75,33.083333333333336,89.0,1.43,2,0,7.684210526315789,0.1052631578947368,1166,0.47307692307692306,0.7744630961897149,0.6666666666666667,0.45206766917293234,60.68231158277542,Medium
V0110,Vendor_V0110,Infra,0,Mumbai,181,13,5.625,13,0.9583333333333334,35.666666666666664,71.0,7.22,1,1,3.411764705882353,0.0,1110,0.12569930069930071,0.05786837196909119,0.8333333333333334,1.0,44.456013860240475,Low
V0111,Vendor_V0111,Infra,0,Delhi,399,14,1.8333333333333333,5,0.625,37.083333333333336,73.0,7.08,4,1,6.391304347826087,0.0434782608695652,1531,0.7075174825174825,0.11576338928856916,0.33333333333333337,0.6814829192546583,49.055284330933375,Low
V0112,Vendor_V0112,Infra,1,Delhi,106,5,3.75,9,0.75,35.791666666666664,87.0,3.5,2,0,7.3,0.1,1160,0.43951048951048954,0.6332587263522513,0.6666666666666667,0.4924107142857142,53.21583654654697,Medium
V0113,Vendor_V0113,Services,1,Hyderabad,74,12,2.583333333333333,11,0.6666666666666666,35.125,97.0,7.24,2,0,7.724137931034483,0.0344827586206896,1758,0.6069930069930071,0.7310791366906474,0.6666666666666667,0.5994458128078819,47.37249462891363,Low
V0114,Vendor_V0114,Services,0,Chennai,495,9,3.7083333333333335,14,0.75,34.041666666666664,70.0,5.16,1,1,9.642857142857142,0.1785714285714285,1975,0.4437062937062938,0.12086330935251799,0.8333333333333334,0.14764030612244905,41.211004277069286,Low
V0115,Vendor_V0115,OEM,1,Bangalore,197,8,1.25,5,0.5,32.458333333333336,80.0,6.64,4,0,7.115384615384615,0.0384615384615384,1759,0.8412587412587412,0.3162376765254462,0.33333333333333337,0.6371909340659342,53.97319519509269,Medium
V0116,Vendor_V0116,Services,0,Pune,410,12,3.5,8,0.75,35.416666666666664,72.0,3.99,5,1,6.730769230769231,0.1153846153846153,1818,0.4646853146853147,0.2232187583266719,0.16666666666666674,0.5029189560439562,45.4345777873206,Low
V0117,Vendor_V0117,Services,0,Chennai,368,9,2.625,12,0.5416666666666666,32.625,77.0,1.79,2,1,8.454545454545455,0.1363636363636363,1183,0.6777972027972028,0.4478124167332799,0.6666666666666667,0.3275162337662338,63.656532316604256,Medium
V0118,Vendor_V0118,Infra,0,Chennai,27,10,1.9583333333333333,9,0.5,36.625,74.0,4.04,2,1,9.96551724137931,0.1724137931034483,1767,0.76993006993007,0.2729123367972287,0.6666666666666667,0.13623768472906395,53.76597873411628,Medium
V0119,Vendor_V0119,Services,1,Delhi,332,14,3.875,9,0.75,36.625,89.0,4.2,0,0,7.535714285714286,0.0357142857142857,1763,0.42692307692307696,0.6548947508659739,1.0,0.6111288265306123,57.47374245423128,Medium
V0120,Vendor_V0120,OEM,1,Chennai,778,9,1.9583333333333333,8,0.5416666666666666,34.75,90.0,4.86,3,0,5.590909090909091,0.0,1221,0.7449300699300699,0.652331468158806,0.5,0.8346185064935066,64.6664699958315,Medium
V0121,Vendor_V0121,Services,1,Bangalore,462,7,3.125,13,0.625,35.75,91.0,1.74,2,0,8.15,0.1,1446,0.5774475524475524,0.8129336530775377,0.6666666666666667,0.42790178571428567,62.52190603910478,Medium
V0122,Vendor_V0122,Services,1,Bangalore,786,4,2.083333333333333,7,0.5833333333333334,31.45833333333333,91.0,7.94,5,0,6.55,0.1,1352,0.7073426573426573,0.5453077537969623,0.16666666666666674,0.5493303571428572,40.79660840508412,Low
V0123,Vendor_V0123,Infra,0,Mumbai,347,5,2.833333333333333,10,0.5416666666666666,33.25,74.0,2.71,6,1,7.0,0.0689655172413793,1819,0.6568181818181819,0.3303224087396747,0.0,0.5811268472906403,55.82398747370219,Medium
V0124,Vendor_V0124,Infra,0,Bangalore,73,1,3.208333333333333,10,0.75,32.666666666666664,97.0,2.39,3,0,7.454545454545454,0.0909090909090909,1393,0.4940559440559441,0.9404316546762589,0.5,0.49999999999999994,56.56132087337124,Medium
V0125,Vendor_V0125,Infra,0,Bangalore,780,14,3.0,10,0.5416666666666666,31.0,80.0,4.69,3,0,6.086956521739131,0.0434782608695652,1496,0.640034965034965,0.40041033839594975,0.5,0.7045807453416149,58.80425749961643,Medium
V0126,Vendor_V0126,OEM,0,Delhi,258,1,4.541666666666667,13,0.7916666666666666,33.666666666666664,81.0,4.76,3,0,8.823529411764707,0.1764705882352941,1098,0.3347902097902098,0.4233146815880629,0.5,0.2142857142857142,35.86986978848489,Low
V0127,Vendor_V0127,Services,0,Bangalore,248,3,3.333333333333333,8,0.75,34.416666666666664,91.0,4.08,2,0,6.346153846153846,0.0384615384615384,1600,0.4814685314685315,0.7119264588329335,0.6666666666666667,0.6955700549450551,57.3151949219845,Medium
V0128,Vendor_V0128,Services,1,Mumbai,598,13,2.208333333333333,9,0.4583333333333333,31.791666666666668,78.0,6.4,3,1,8.076923076923077,0.0,1617,0.7697552447552447,0.2747455369038102,0.5,0.6459478021978022,54.502619682475796,Medium
V0129,Vendor_V0129,Infra,0,Pune,70,14,2.833333333333333,7,0.7083333333333334,33.875,90.0,4.62,2,0,8.296296296296296,0.037037037037037,1896,0.5568181818181818,0.6626911803890219,0.6666666666666667,0.5505952380952381,53.60905539637554,Medium
V0130,Vendor_V0130,OEM,0,Delhi,628,8,4.375,11,0.75,37.5,82.0,5.27,0,0,7.0,0.0434782608695652,1358,0.37657342657342663,0.42722621902478,1.0,0.6352872670807455,52.83623760115393,Medium
V0131,Vendor_V0131,OEM,0,Pune,623,14,3.7083333333333335,10,0.7083333333333334,38.0,91.0,6.07,2,0,7.578947368421052,0.2105263157894736,1125,0.4687062937062937,0.626027178257394,0.6666666666666667,0.23637218045112796,39.71612056534908,Low
V0132,Vendor_V0132,Infra,1,Delhi,283,2,3.625,11,0.75,38.41666666666666,89.0,1.18,2,0,6.727272727272728,0.0454545454545454,1643,0.4520979020979021,0.7852544630961897,0.6666666666666667,0.6517857142857143,65.60289979804368,Medium
V0133,Vendor_V0133,Infra,1,Hyderabad,437,4,3.7083333333333335,10,0.6666666666666666,34.458333333333336,72.0,4.99,2,1,6.961538461538462,0.1153846153846153,1695,0.49370629370629376,0.18005329070077264,0.6666666666666667,0.4854052197802199,49.98774269794954,Low
V0134,Vendor_V0134,Infra,0,Chennai,115,2,2.708333333333333,8,0.7916666666666666,34.833333333333336,82.0,7.19,2,0,8.666666666666666,0.1481481481481481,1732,0.5194055944055944,0.3443485211830533,0.6666666666666667,0.2863756613756614,37.343555308933006,Low
V0135,Vendor_V0135,Services,0,Hyderabad,107,14,3.208333333333333,13,0.7083333333333334,33.791666666666664,97.0,1.12,1,0,5.64,0.04,1491,0.519055944055944,0.9952517985611511,0.8333333333333334,0.7458928571428571,73.36213372957977,Medium
V0136,Vendor_V0136,Infra,1,Bangalore,97,5,5.791666666666667,12,1.0,35.333333333333336,91.0,3.84,2,0,7.5,0.125,1202,0.0839160839160839,0.7222861710631493,0.6666666666666667,0.4241071428571428,37.99681096780917,Low
V0137,Vendor_V0137,OEM,0,Pune,307,9,3.7083333333333335,12,0.75,32.875,80.0,7.48,5,0,8.882352941176471,0.1176470588235294,1183,0.4437062937062938,0.2799786837196908,0.16666666666666674,0.33482142857142855,27.18647135238862,Low
V0138,Vendor_V0138,OEM,1,Bangalore,139,1,4.125,11,0.9166666666666666,34.75,80.0,3.47,1,0,9.947368421052632,0.2105263157894736,1312,0.30174825174825176,0.4530722088995469,0.8333333333333334,0.05662593984962405,40.09014993431408,Low
V0139,Vendor_V0139,Infra,1,Chennai,510,5,3.7916666666666665,14,0.625,32.583333333333336,90.0,4.21,0,0,5.777777777777778,0.0,1067,0.5103146853146853,0.6803890221156406,1.0,0.8204365079365079,66.05029338167829,Medium
V0140,Vendor_V0140,Services,0,Delhi,471,14,1.5833333333333333,6,0.5416666666666666,38.16666666666666,89.0,7.87,2,0,8.263157894736842,0.1578947368421052,1010,0.7826923076923078,0.49647748467892355,0.6666666666666667,0.2962875939849624,44.803208907714776,Low
V0141,Vendor_V0141,Services,0,Chennai,519,9,5.625,13,0.8333333333333334,34.666666666666664,90.0,2.4,0,0,6.0588235294117645,0.0,1105,0.20069930069930073,0.7585185185185183,1.0,0.7991071428571428,61.07985764235764,Medium
V0142,Vendor_V0142,Infra,1,Mumbai,184,1,2.625,14,0.5833333333333334,34.125,76.0,1.46,3,1,6.947368421052632,0.0,1018,0.6527972027972027,0.4361310951239009,0.5,0.7316729323308271,70.63305636052701,Medium
V0143,Vendor_V0143,OEM,0,Chennai,201,9,3.0,9,0.7083333333333334,30.916666666666668,86.0,7.02,2,0,6.421052631578948,0.0,1392,0.540034965034965,0.45539035438316006,0.6666666666666667,0.7716165413533834,50.26012337246244,Medium
V0144,Vendor_V0144,Infra,0,Mumbai,488,8,1.75,9,0.5,35.375,85.0,7.08,3,0,6.043478260869565,0.0,1492,0.7909090909090909,0.42687450039968006,0.5,0.8002717391304348,57.287256163448674,Medium
V0145,Vendor_V0145,Infra,1,Chennai,754,4,2.4166666666666665,10,0.5833333333333334,33.166666666666664,83.0,4.3,4,0,5.75,0.0,628,0.6737762237762237,0.49502264854782835,0.33333333333333337,0.8225446428571428,61.3426810374877,Medium
V0146,Vendor_V0146,Infra,1,Mumbai,26,12,6.625,12,0.9166666666666666,36.583333333333336,70.0,4.6,1,1,8.48,0.08,1261,0.050000000000000044,0.14503597122302161,0.8333333333333334,0.44535714285714273,36.522045220966085,Low
V0147,Vendor_V0147,OEM,1,Pune,349,11,1.8333333333333333,10,0.4583333333333333,33.041666666666664,80.0,6.85,1,0,6.095238095238095,0.0,1367,0.8075174825174825,0.3071729283240074,0.8333333333333334,0.796343537414966,63.654527961760756,Medium
V0148,Vendor_V0148,OEM,1,Bangalore,794,10,4.083333333333333,13,0.75,31.666666666666668,82.0,6.17,1,0,6.125,0.0,1638,0.405944055944056,0.3883772981614706,0.8333333333333334,0.7940848214285714,51.91786209518898,Medium
V0149,Vendor_V0149,Infra,0,Bangalore,692,5,1.0416666666666667,6,0.3333333333333333,31.95833333333333,70.0,2.86,2,1,7.296296296296297,0.074074074074074,1673,0.9622377622377623,0.22014388489208636,0.6666666666666667,0.5477843915343916,75.09418830237176,High
V0150,Vendor_V0150,Infra,0,Hyderabad,170,13,2.75,9,0.5416666666666666,36.958333333333336,71.0,1.12,1,1,6.653846153846154,0.0384615384615384,1313,0.6652097902097902,0.3211777244870768,0.8333333333333334,0.6722184065934067,76.40766944386549,High
V0151,Vendor_V0151,Services,1,Bangalore,104,5,5.041666666666667,12,0.9166666666666666,36.29166666666666,78.0,4.36,3,1,5.965517241379311,0.0344827586206896,2279,0.20944055944055942,0.3628030908606448,0.5,0.7329125615763548,45.359461070435394,Low
V0152,Vendor_V0152,Infra,0,Delhi,166,11,3.0416666666666665,11,0.5833333333333334,32.958333333333336,82.0,7.01,4,0,7.714285714285714,0.0952380952380952,1153,0.6108391608391608,0.35211830535571526,0.33333333333333337,0.47108843537414963,40.976700800056406,Low
V0153,Vendor_V0153,Infra,0,Chennai,643,12,3.8333333333333335,10,0.7083333333333334,32.875,74.0,7.27,2,1,6.206896551724138,0.1034482758620689,1635,0.456118881118881,0.13348787636557405,0.6666666666666667,0.5680418719211824,42.65467577882301,Low
V0154,Vendor_V0154,OEM,1,Hyderabad,400,6,2.625,9,0.5416666666666666,36.66666666666666,78.0,7.69,3,1,8.148148148148149,0.1111111111111111,1855,0.6777972027972028,0.21906208366640015,0.5,0.4044312169312168,41.70434406720378,Low
V0155,Vendor_V0155,Services,0,Delhi,567,7,2.375,7,0.625,36.625,82.0,7.16,1,0,7.117647058823529,0.1176470588235294,995,0.652972027972028,0.34564348521183036,0.8333333333333334,0.46874999999999994,49.64343210746088,Low
V0156,Vendor_V0156,Infra,0,Delhi,304,8,3.9583333333333335,12,0.7083333333333334,33.333333333333336,74.0,5.06,1,1,8.73076923076923,0.1923076923076923,1669,0.4435314685314684,0.22888355981881148,0.8333333333333334,0.18767170329670324,43.1618931877475,Low
V0157,Vendor_V0157,OEM,0,Mumbai,719,14,4.333333333333333,12,0.875,33.166666666666664,84.0,4.11,4,0,6.590909090909091,0.0,1166,0.3057692307692308,0.529150013322675,0.33333333333333337,0.7587256493506493,47.11549803613652,Low
V0158,Vendor_V0158,Services,0,Bangalore,101,8,1.9583333333333333,9,0.5416666666666666,37.208333333333336,76.0,6.42,3,1,6.730769230769231,0.0384615384615384,1707,0.7449300699300699,0.2220303756994405,0.5,0.6663804945054946,54.82512653713193,Medium
V0159,Vendor_V0159,Infra,0,Pune,533,11,3.0,12,0.625,34.916666666666664,83.0,6.18,1,0,8.481481481481481,0.1481481481481481,1900,0.590034965034965,0.41387156941113773,0.8333333333333334,0.3004298941798942,46.66925483921887,Low
V0160,Vendor_V0160,OEM,0,Pune,728,14,3.208333333333333,10,0.7083333333333334,38.29166666666666,85.0,4.77,3,0,7.862068965517241,0.0689655172413793,1822,0.519055944055944,0.5265867306155074,0.5,0.5157019704433496,48.942427967096165,Low
V0161,Vendor_V0161,Infra,0,Hyderabad,542,13,3.0,12,0.7916666666666666,34.041666666666664,75.0,1.61,2,1,5.434782608695652,0.0,1428,0.490034965034965,0.40373034905409,0.6666666666666667,0.8464673913043478,70.09108052566764,Medium
V0162,Vendor_V0162,OEM,1,Pune,765,2,4.708333333333333,10,0.875,36.208333333333336,71.0,7.48,2,1,6.909090909090909,0.0909090909090909,1258,0.26800699300699304,0.046645350386357406,0.6666666666666667,0.5413961038961037,34.146386437303704,Low
V0163,Vendor_V0163,OEM,1,Chennai,405,9,5.458333333333333,11,0.875,36.29166666666666,85.0,4.19,4,0,6.214285714285714,0.0357142857142857,1868,0.19248251748251755,0.551622701838529,0.33333333333333337,0.7114158163265306,42.3911380564451,Low
V0164,Vendor_V0164,OEM,0,Pune,726,7,5.583333333333333,13,0.75,34.333333333333336,88.0,3.54,2,0,6.571428571428571,0.0714285714285714,2141,0.2548951048951049,0.6574580335731413,0.6666666666666667,0.6084183673469388,49.791192235308365,Low
V0165,Vendor_V0165,Infra,1,Hyderabad,490,4,3.7083333333333335,9,0.7916666666666666,33.833333333333336,74.0,5.41,2,1,7.272727272727272,0.0454545454545454,1294,0.41870629370629375,0.2137756461497467,0.6666666666666667,0.6103896103896105,47.92796906331079,Low
V0166,Vendor_V0166,Services,0,Pune,138,4,5.041666666666667,13,0.9166666666666666,33.708333333333336,73.0,5.72,4,1,7.0625,0.0625,876,0.20944055944055942,0.17446842525979223,0.33333333333333337,0.5901227678571428,34.27904730723414,Low
V0167,Vendor_V0167,Infra,0,Chennai,415,11,2.1666666666666665,7,0.5,32.416666666666664,83.0,2.47,4,0,5.842105263157895,0.0,1062,0.7489510489510489,0.5740154543032241,0.33333333333333337,0.8155545112781954,70.42987174222975,Medium
V0168,Vendor_V0168,Infra,1,Mumbai,551,8,3.5416666666666665,15,0.75,32.833333333333336,96.0,6.86,2,0,6.535714285714286,0.0357142857142857,2012,0.4604895104895106,0.7215560884625631,0.6666666666666667,0.6870216836734695,46.30106396365711,Low
V0169,Vendor_V0169,Infra,0,Hyderabad,280,4,4.583333333333333,10,0.7916666666666666,36.29166666666666,75.0,3.03,1,1,7.083333333333333,0.0833333333333333,1427,0.33059440559440567,0.342435385025313,0.8333333333333334,0.5442708333333334,54.87341813612048,Medium
V0170,Vendor_V0170,OEM,1,Mumbai,275,13,2.208333333333333,13,0.5,34.583333333333336,77.0,2.31,1,1,4.473684210526316,0.0,1458,0.7447552447552448,0.42536637356781226,0.8333333333333334,0.919407894736842,81.48115267447433,High
V0171,Vendor_V0171,OEM,0,Mumbai,753,6,4.166666666666667,13,0.75,31.70833333333333,93.0,3.84,2,0,8.03448275862069,0.0689655172413793,1822,0.39755244755244756,0.7741380229150011,0.6666666666666667,0.5026169950738915,50.24091923023639,Medium
V0172,Vendor_V0172,Infra,1,Mumbai,245,5,4.166666666666667,11,0.7916666666666666,34.625,72.0,6.11,2,1,5.619047619047619,0.0476190476190476,1043,0.37255244755244754,0.13170796695976544,0.6666666666666667,0.7312925170068028,47.544604782849895,Low
V0173,Vendor_V0173,OEM,0,Delhi,72,3,2.1666666666666665,9,0.6666666666666666,35.958333333333336,73.0,7.76,2,1,6.5625,0.0,854,0.648951048951049,0.08641087130295771,0.6666666666666667,0.7608816964285714,51.010910318323766,Medium
V0174,Vendor_V0174,Infra,1,Bangalore,519,13,4.375,10,0.875,34.125,70.0,6.66,2,1,7.4375,0.125,994,0.3015734265734266,0.05611510791366908,0.6666666666666667,0.4288504464285713,35.56296993811044,Low
V0175,Vendor_V0175,OEM,0,Delhi,525,14,3.75,11,0.75,32.375,71.0,7.58,2,1,6.090909090909091,0.0454545454545454,1478,0.43951048951048954,0.04232880362376744,0.6666666666666667,0.7000811688311689,43.610600281013944,Low
V0176,Vendor_V0176,Infra,1,Bangalore,383,10,3.5,10,0.7916666666666666,37.0,82.0,1.98,2,0,7.952380952380952,0.0952380952380952,1320,0.43968531468531474,0.5692406075139886,0.6666666666666667,0.4530187074829933,57.30217260471628,Medium
V0177,Vendor_V0177,OEM,0,Mumbai,299,11,3.0,8,0.6666666666666666,38.208333333333336,78.0,1.5,2,1,7.6,0.0,884,0.5650349650349651,0.48625632827071674,0.6666666666666667,0.6821428571428572,68.36952795406032,Medium
V0178,Vendor_V0178,Infra,0,Hyderabad,612,2,3.625,11,0.6666666666666666,37.66666666666666,81.0,4.9,2,0,7.125,0.125,976,0.5020979020979022,0.417271516120437,0.6666666666666667,0.4525669642857142,49.810383243105804,Low
V0179,Vendor_V0179,Services,1,Bangalore,733,9,2.083333333333333,6,0.5416666666666666,32.125,79.0,3.03,6,1,7.95,0.1,1053,0.7323426573426575,0.44613908872901653,0.0,0.44308035714285704,53.70847890868124,Medium
V0180,Vendor_V0180,Infra,0,Chennai,177,10,2.9166666666666665,9,0.75,38.083333333333336,79.0,6.8,2,1,5.88,0.04,1619,0.5234265734265734,0.2834052757793763,0.6666666666666667,0.7276785714285714,49.92557146091319,Low
V0181,Vendor_V0181,Infra,1,Chennai,651,9,5.541666666666667,12,0.7916666666666666,35.833333333333336,87.0,5.7,1,0,6.230769230769231,0.1153846153846153,1921,0.23409090909090913,0.5382946975752728,0.8333333333333334,0.5408653846153848,42.63124465462595,Low
V0182,Vendor_V0182,Infra,1,Pune,78,1,2.083333333333333,8,0.625,31.875,81.0,7.8,3,0,8.352941176470589,0.0588235294117647,845,0.6823426573426573,0.2920916600053291,0.5,0.49999999999999994,43.00779481310057,Low
V0183,Vendor_V0183,Services,0,Bangalore,746,10,5.75,19,0.875,36.375,91.0,2.78,1,0,3.888888888888889,0.0,1194,0.1631118881118881,0.7680415667466025,0.8333333333333334,0.9637896825396826,60.79634693843327,Medium
V0184,Vendor_V0184,Services,1,Hyderabad,147,3,3.0,12,0.5833333333333334,32.25,85.0,4.4,5,0,6.826086956521739,0.0434782608695652,1469,0.6150349650349649,0.5425579536370901,0.16666666666666674,0.6484860248447204,52.22708135233549,Medium
V0185,Vendor_V0185,Infra,0,Delhi,755,8,3.0416666666666665,13,0.625,29.625,92.0,4.51,2,0,8.125,0.0625,1125,0.5858391608391608,0.7192912336797229,0.6666666666666667,0.5094866071428572,54.48826718470379,Medium
V0186,Vendor_V0186,OEM,1,Mumbai,740,6,3.875,10,0.875,34.75,75.0,2.67,1,1,6.916666666666667,0.0416666666666666,1298,0.35192307692307695,0.3579749533706368,0.8333333333333334,0.6454613095238095,58.821302161567445,Medium
V0187,Vendor_V0187,Services,0,Pune,134,5,3.083333333333333,9,0.75,38.25,93.0,5.13,2,0,7.714285714285714,0.0952380952380952,1168,0.5066433566433567,0.718454569677591,0.6666666666666667,0.47108843537414963,48.84943058825382,Low
V0188,Vendor_V0188,OEM,0,Chennai,228,5,1.9166666666666667,9,0.4583333333333333,36.958333333333336,94.0,4.1,1,0,10.0,0.2105263157894736,1074,0.7991258741258741,0.7888409272581933,0.8333333333333334,0.05263157894736853,55.42921946947411,Medium
V0189,Vendor_V0189,OEM,1,Delhi,545,6,3.1666666666666665,10,0.7083333333333334,33.958333333333336,93.0,4.13,0,0,7.625,0.0625,969,0.5232517482517482,0.7616200373034904,1.0,0.5474330357142856,59.69898609708636,Medium
V0190,Vendor_V0190,Infra,1,Delhi,540,7,3.7916666666666665,11,0.7083333333333334,34.875,90.0,3.54,5,0,8.0,0.0384615384615384,1608,0.4603146853146852,0.7093098854249931,0.16666666666666674,0.5700549450549451,47.39122612998512,Low
V0191,Vendor_V0191,Infra,0,Mumbai,571,1,1.5,6,0.375,32.291666666666664,93.0,1.12,3,0,7.068965517241379,0.0,1871,0.891083916083916,0.8915480948574472,0.5,0.7224445812807883,80.04295118798343,High
V0192,Vendor_V0192,Services,1,Bangalore,256,9,3.583333333333333,8,0.75,34.791666666666664,79.0,4.65,1,1,6.0625,0.0625,1028,0.45629370629370636,0.3762110311750597,0.8333333333333334,0.666015625,56.54985877993409,Medium
V0193,Vendor_V0193,Services,0,Chennai,300,3,2.208333333333333,12,0.4583333333333333,34.291666666666664,84.0,3.35,4,0,7.5625,0.0,1064,0.7697552447552447,0.5619557687183584,0.33333333333333337,0.6849888392857142,64.1450738166959,Medium
V0194,Vendor_V0194,OEM,0,Hyderabad,378,4,3.458333333333333,12,0.7083333333333334,35.833333333333336,95.0,1.01,0,0,6.157894736842105,0.0526315789473684,1128,0.49388111888111885,0.948148148148148,1.0,0.6797462406015038,73.70267890004733,Medium
V0195,Vendor_V0195,Infra,0,Delhi,220,10,1.4583333333333333,7,0.4166666666666667,33.083333333333336,78.0,3.16,2,1,8.052631578947368,0.1052631578947368,1250,0.8702797202797203,0.4146016520117239,0.6666666666666667,0.42410714285714296,67.6939007839945,Medium
V0196,Vendor_V0196,Infra,0,Mumbai,777,1,3.4166666666666665,11,0.6666666666666666,31.5,93.0,2.95,0,0,8.9375,0.0625,804,0.5230769230769231,0.8125552891020515,1.0,0.44782366071428564,61.053648324472285,Medium
V0197,Vendor_V0197,OEM,0,Hyderabad,297,13,3.333333333333333,10,0.6666666666666666,34.208333333333336,71.0,3.75,4,1,6.964285714285714,0.1071428571428571,1770,0.5314685314685316,0.20765254463096172,0.33333333333333337,0.5027104591836735,51.05093543083331,Medium
V0198,Vendor_V0198,Services,0,Bangalore,254,11,2.0416666666666665,9,0.5416666666666666,38.333333333333336,87.0,1.92,4,0,5.6,0.0,1259,0.7365384615384616,0.7014601652011722,0.33333333333333337,0.8339285714285714,72.4415912325085,Medium
V0199,Vendor_V0199,Services,1,Chennai,513,10,2.625,10,0.5416666666666666,37.083333333333336,81.0,4.55,2,0,6.5,0.0714285714285714,1516,0.6777972027972028,0.4323794297895018,0.6666666666666667,0.6138392857142857,60.93829619121885,Medium
V0200,Vendor_V0200,Services,1,Bangalore,23,3,4.333333333333333,11,0.6666666666666666,33.375,72.0,5.85,2,1,8.411764705882353,0.2352941176470588,1196,0.4307692307692308,0.14293098854249928,0.6666666666666667,0.12053571428571425,36.39830717843308,Low
V0201,Vendor_V0201,OEM,1,Delhi,685,2,2.5,11,0.625,36.833333333333336,76.0,5.41,3,1,8.37037037037037,0.074074074074074,1267,0.6403846153846153,0.2656274980015988,0.5,0.4662698412698414,49.51848502882676,Low
V0202,Vendor_V0202,Infra,0,Hyderabad,461,2,2.958333333333333,11,0.5416666666666666,34.041666666666664,78.0,6.63,1,1,9.0,0.0555555555555555,1092,0.6442307692307694,0.26481747934985345,0.8333333333333334,0.45783730158730157,49.820039572737414,Low
V0203,Vendor_V0203,Infra,0,Hyderabad,48,14,3.458333333333333,10,0.6666666666666666,33.541666666666664,77.0,4.16,4,1,5.866666666666666,0.1333333333333333,942,0.5188811188811189,0.34551025845989863,0.33333333333333337,0.5303571428571429,50.5424829966197,Medium
V0204,Vendor_V0204,Services,1,Hyderabad,128,1,3.6666666666666665,13,0.7083333333333334,32.875,94.0,4.63,0,0,8.32,0.2,1506,0.4729020979020978,0.7659632294164668,1.0,0.2024999999999998,48.795987196256974,Low
V0205,Vendor_V0205,OEM,1,Delhi,629,8,4.375,12,0.8333333333333334,36.083333333333336,75.0,6.67,2,1,8.411764705882353,0.1764705882352941,1058,0.3265734265734266,0.18531308286703965,0.6666666666666667,0.2455357142857142,32.05880675080316,Low
V0206,Vendor_V0206,Infra,0,Delhi,746,3,4.125,15,0.7916666666666666,33.791666666666664,70.0,3.99,0,1,5.833333333333333,0.0555555555555555,1113,0.3767482517482518,0.17136690647482014,1.0,0.6981646825396826,59.48517996292277,Medium
V0207,Vendor_V0207,Infra,1,Bangalore,94,3,2.583333333333333,9,0.7083333333333334,35.0,83.0,5.91,0,0,6.695652173913044,0.0869565217391304,1424,0.5819930069930069,0.42552624567013053,1.0,0.5659937888198757,56.33067403741082,Medium
V0208,Vendor_V0208,OEM,1,Pune,165,6,3.2916666666666665,16,0.6666666666666666,33.375,85.0,4.04,6,0,8.380952380952381,0.1428571428571428,1381,0.5356643356643358,0.5580975219824139,0.0,0.3193027210884353,40.404326531638965,Low
V0209,Vendor_V0209,Infra,1,Bangalore,147,13,1.875,8,0.5833333333333334,35.416666666666664,97.0,3.92,2,0,8.1875,0.0625,795,0.7283216783216783,0.8743884892086331,0.6666666666666667,0.5047433035714286,61.32185415191823,Medium
V0210,Vendor_V0210,Infra,1,Chennai,61,8,1.9166666666666667,9,0.4583333333333333,34.041666666666664,85.0,6.32,1,0,6.277777777777778,0.0555555555555555,1328,0.7991258741258741,0.45968025579536353,0.8333333333333334,0.664434523809524,62.504567649576636,Medium
V0211,Vendor_V0211,OEM,1,Mumbai,375,13,3.9166666666666665,9,0.8333333333333334,36.75,73.0,2.22,2,1,7.32,0.08,1630,0.3727272727272727,0.32554756195043966,0.6666666666666667,0.533392857142857,56.19017681958329,Medium
V0212,Vendor_V0212,OEM,0,Hyderabad,60,9,3.0416666666666665,7,0.75,36.29166666666666,75.0,3.37,4,1,5.25,0.0,1189,0.5108391608391608,0.32775912603250723,0.33333333333333337,0.8604910714285714,59.978495537735654,Medium
V0213,Vendor_V0213,OEM,1,Pune,53,9,4.541666666666667,14,0.75,33.75,84.0,2.57,1,0,6.75,0.1071428571428571,1517,0.3597902097902098,0.5956248334665598,0.8333333333333334,0.5189732142857142,57.35247834449723,Medium
V0214,Vendor_V0214,Infra,1,Mumbai,36,4,2.375,8,0.5833333333333334,34.291666666666664,97.0,3.51,5,0,7.428571428571429,0.1428571428571428,1235,0.677972027972028,0.8920863309352518,0.16666666666666674,0.3915816326530613,51.93109177564471,Medium
V0215,Vendor_V0215,OEM,0,Pune,696,14,3.5,12,0.75,34.791666666666664,91.0,2.61,1,0,5.666666666666667,0.037037037037037,1717,0.4646853146853147,0.7753796962430055,0.8333333333333334,0.750165343915344,66.15111216055462,Medium
V0216,Vendor_V0216,Infra,0,Bangalore,172,5,2.5416666666666665,9,0.7083333333333334,34.5,77.0,5.06,0,1,6.230769230769231,0.0384615384615384,1482,0.5861888111888112,0.3066613375965893,1.0,0.7043269230769231,62.64756376716808,Medium
V0217,Vendor_V0217,Infra,0,Delhi,397,2,1.7083333333333333,9,0.4583333333333333,36.41666666666666,70.0,6.59,1,1,6.888888888888889,0.074074074074074,1650,0.820104895104895,0.059136690647482025,0.8333333333333334,0.5787037037037038,60.05423924263853,Medium
V0218,Vendor_V0218,OEM,1,Hyderabad,607,11,5.458333333333333,11,0.9583333333333334,31.125,82.0,6.51,1,0,7.416666666666667,0.125,1505,0.14248251748251753,0.3737010391686649,0.8333333333333334,0.43043154761904756,33.138607682784844,Low
V0219,Vendor_V0219,OEM,1,Bangalore,618,9,2.333333333333333,10,0.5833333333333334,33.166666666666664,96.0,3.55,0,0,6.739130434782608,0.0,1360,0.6821678321678322,0.8644337863042898,1.0,0.7474767080745341,72.06820500034841,Medium
V0220,Vendor_V0220,Services,0,Mumbai,648,8,4.25,11,0.8333333333333334,35.875,87.0,7.92,4,0,5.090909090909091,0.0454545454545454,1320,0.33916083916083917,0.44246735944577653,0.33333333333333337,0.775974025974026,36.11104273424417,Low
V0221,Vendor_V0221,OEM,0,Mumbai,361,3,3.333333333333333,12,0.625,34.166666666666664,87.0,5.16,1,0,8.5,0.1666666666666666,1267,0.5564685314685315,0.5616040500932584,0.8333333333333334,0.259672619047619,48.390238733089454,Low
V0222,Vendor_V0222,OEM,0,Mumbai,46,11,3.7083333333333335,15,0.7083333333333334,35.375,82.0,3.8,2,0,7.75,0.125,810,0.4687062937062937,0.4906794564348519,0.6666666666666667,0.4051339285714285,51.12700642433106,Medium
V0223,Vendor_V0223,Infra,1,Mumbai,306,12,1.75,8,0.5833333333333334,31.666666666666668,91.0,6.85,4,0,8.695652173913043,0.0434782608695652,1543,0.7409090909090909,0.5923581135091925,0.33333333333333337,0.5065993788819876,45.85333652896994,Low
V0224,Vendor_V0224,Infra,1,Mumbai,665,13,3.8333333333333335,9,0.6666666666666666,33.75,83.0,6.11,2,0,7.407407407407407,0.1111111111111111,1527,0.4811188811188811,0.41689315214495065,0.6666666666666667,0.4606481481481481,44.70586118517773,Low
V0225,Vendor_V0225,Infra,1,Pune,750,9,4.583333333333333,10,0.7916666666666666,32.5,80.0,6.24,4,0,8.3125,0.125,860,0.33059440559440567,0.3335038635758059,0.33333333333333337,0.3624441964285713,31.257273105716227,Low
V0226,Vendor_V0226,Infra,0,Bangalore,187,3,4.416666666666667,12,0.8333333333333334,32.875,76.0,2.37,2,1,6.391304347826087,0.0434782608695652,1651,0.32237762237762235,0.3968505195843326,0.6666666666666667,0.6814829192546583,57.63890170277017,Medium
V0227,Vendor_V0227,Services,0,Hyderabad,629,9,3.333333333333333,10,0.75,34.041666666666664,87.0,4.28,4,0,7.266666666666667,0.0,1040,0.4814685314685315,0.5995896616040498,0.33333333333333337,0.7074404761904762,51.13457540660779,Medium
V0228,Vendor_V0228,Infra,0,Delhi,287,2,4.708333333333333,16,0.9166666666666666,37.875,90.0,7.03,4,0,7.142857142857143,0.1071428571428571,1698,0.24300699300699305,0.5586624034106047,0.33333333333333337,0.4891581632653061,28.605420786818524,Low
V0229,Vendor_V0229,Services,0,Delhi,768,12,3.4166666666666665,8,0.7083333333333334,39.833333333333336,91.0,4.53,3,0,7.6,0.1,1006,0.498076923076923,0.6925019984012788,0.5,0.4696428571428571,48.38414597991936,Low
V0230,Vendor_V0230,OEM,1,Bangalore,474,10,4.916666666666667,13,0.7916666666666666,37.333333333333336,73.0,5.78,3,1,7.5625,0.0625,1011,0.29702797202797204,0.17187849720223825,0.5,0.5521763392857142,38.6569075315422,Low
V0231,Vendor_V0231,Services,1,Bangalore,704,9,2.5,10,0.6666666666666666,33.416666666666664,86.0,5.12,1,0,6.296296296296297,0.074074074074074,1730,0.6153846153846154,0.5374047428723687,0.8333333333333334,0.6236772486772488,59.34637271867488,Medium
V0232,Vendor_V0232,OEM,1,Delhi,420,8,3.083333333333333,12,0.7916666666666666,34.291666666666664,88.0,6.9,1,0,8.1,0.0,1063,0.48164335664335667,0.5124220623501198,0.8333333333333334,0.6441964285714286,47.21445438554252,Low
V0233,Vendor_V0233,OEM,1,Delhi,495,9,3.083333333333333,17,0.75,32.625,83.0,2.99,3,0,9.470588235294118,0.2352941176470588,1126,0.5066433566433567,0.5515694111377564,0.5,0.04017857142857134,44.096166872695655,Low
V0234,Vendor_V0234,OEM,0,Pune,721,5,3.333333333333333,9,0.6666666666666666,34.708333333333336,79.0,5.03,2,1,4.777777777777778,0.037037037037037,1562,0.5314685314685316,0.359808153477218,0.6666666666666667,0.8176256613756614,59.40432627258168,Medium
V0235,Vendor_V0235,Infra,1,Chennai,653,11,3.875,10,0.75,36.375,94.0,1.86,3,0,8.466666666666667,0.0,871,0.42692307692307696,0.8855315747402077,0.5,0.6163690476190475,57.78928670250612,Medium
V0236,Vendor_V0236,OEM,1,Hyderabad,577,11,1.7916666666666667,5,0.625,37.375,75.0,5.83,1,1,7.137931034482759,0.0344827586206896,1736,0.7117132867132867,0.22157207567279505,0.8333333333333334,0.6439347290640394,59.87394721998418,Medium
V0237,Vendor_V0237,Infra,1,Mumbai,595,2,3.875,12,0.7083333333333334,33.0,87.0,6.12,2,0,8.538461538461538,0.0384615384615384,1575,0.45192307692307687,0.5201652011723952,0.6666666666666667,0.5291895604395606,44.10496877223496,Low
V0238,Vendor_V0238,Infra,0,Chennai,149,8,1.4583333333333333,6,0.4583333333333333,38.75,94.0,1.3,2,0,4.352941176470588,0.0,1105,0.8452797202797202,0.9097042366107113,0.6666666666666667,0.9285714285714286,86.3441347321743,High
V0239,Vendor_V0239,OEM,0,Bangalore,382,12,4.875,13,0.7083333333333334,34.75,73.0,5.73,2,1,8.96551724137931,0.0689655172413793,1823,0.35122377622377615,0.17403677058353317,0.6666666666666667,0.4319581280788178,39.882469691682665,Low
V0240,Vendor_V0240,Infra,0,Delhi,724,6,3.75,10,0.7916666666666666,35.625,80.0,3.9,1,0,6.9375,0.0625,700,0.4145104895104895,0.4345110578204102,0.8333333333333334,0.599609375,55.75857244711224,Medium
V0241,Vendor_V0241,Services,1,Chennai,712,8,5.5,15,0.875,35.833333333333336,82.0,1.87,2,0,7.2,0.2,929,0.18828671328671331,0.5739888089528375,0.6666666666666667,0.28749999999999987,46.37019859636765,Low
V0242,Vendor_V0242,Services,1,Hyderabad,311,11,6.583333333333333,15,0.9583333333333334,36.0,77.0,3.94,2,1,6.947368421052632,0.0,990,0.0291958041958043,0.35500666133759645,0.6666666666666667,0.7316729323308271,42.487979764461215,Low
V0243,Vendor_V0243,Services,0,Bangalore,390,5,1.625,8,0.3333333333333333,36.083333333333336,79.0,2.36,1,1,7.95,0.0,1189,0.9034965034965035,0.4750599520383691,0.8333333333333334,0.6555803571428571,79.09451238958883,High
V0244,Vendor_V0244,Infra,1,Mumbai,48,10,4.625,12,0.9583333333333334,33.791666666666664,92.0,3.91,2,0,7.615384615384615,0.0,1251,0.2263986013986014,0.7451905142552625,0.6666666666666667,0.6809752747252746,47.64839027878597,Low
V0245,Vendor_V0245,Infra,1,Mumbai,168,2,1.8333333333333333,6,0.6666666666666666,31.0,97.0,3.69,4,0,7.0625,0.0,799,0.6825174825174826,0.8843165467625899,0.33333333333333337,0.7229352678571428,60.631686349846206,Medium
V0246,Vendor_V0246,Services,0,Hyderabad,798,6,2.2916666666666665,7,0.625,34.458333333333336,80.0,6.17,3,0,4.818181818181818,0.0909090909090909,1320,0.6613636363636364,0.33652544630961884,0.5,0.7000811688311688,54.8560567130711,Medium
V0247,Vendor_V0247,OEM,0,Hyderabad,315,5,2.875,10,0.6666666666666666,34.958333333333336,72.0,6.42,0,1,6.55,0.1,1105,0.5776223776223777,0.11832667199573668,1.0,0.5493303571428572,54.231891647022046,Medium
V0248,Vendor_V0248,Services,1,Delhi,30,12,2.875,8,0.625,34.083333333333336,84.0,5.25,4,0,7.470588235294118,0.0,997,0.6026223776223776,0.4799413802291498,0.33333333333333337,0.6919642857142856,51.532042597690086,Medium
V0249,Vendor_V0249,Services,0,Mumbai,531,13,2.583333333333333,10,0.625,33.333333333333336,77.0,1.16,2,1,7.321428571428571,0.0357142857142857,1567,0.631993006993007,0.47500666133759645,0.6666666666666667,0.6273915816326532,71.04504124151799,Medium
V0250,Vendor_V0250,Services,1,Bangalore,695,12,4.083333333333333,12,0.7916666666666666,35.208333333333336,89.0,7.52,2,0,6.92,0.04,1653,0.380944055944056,0.5115853983479883,0.6666666666666667,0.6487499999999999,40.11420234441817,Low
V0251,Vendor_V0251,Infra,0,Chennai,132,5,2.333333333333333,7,0.625,35.125,87.0,5.8,2,0,5.642857142857143,0.0,1671,0.6571678321678321,0.533978150812683,0.6666666666666667,0.8306760204081632,60.53315919050117,Medium
V0252,Vendor_V0252,Infra,1,Bangalore,206,13,3.333333333333333,9,0.7083333333333334,31.916666666666668,96.0,1.24,3,0,8.470588235294118,0.0588235294117647,1106,0.5064685314685314,0.9641460165201171,0.5,0.49107142857142855,60.2662557765975,Medium
V0253,Vendor_V0253,Services,0,Pune,763,1,4.375,10,0.8333333333333334,34.833333333333336,90.0,6.73,0,0,8.545454545454545,0.2272727272727272,1264,0.3265734265734266,0.5716120436983744,1.0,0.127435064935065,34.379505386699634,Low
V0254,Vendor_V0254,Infra,0,Pune,246,2,2.7916666666666665,11,0.6666666666666666,34.041666666666664,70.0,2.4,1,1,5.882352941176471,0.0,1213,0.5860139860139861,0.24,0.8333333333333334,0.8125,72.24213286713285,Medium
V0255,Vendor_V0255,Infra,1,Hyderabad,329,8,3.5416666666666665,12,0.75,35.208333333333336,93.0,5.05,1,0,8.15,0.1,1112,0.4604895104895106,0.721907807087663,0.8333333333333334,0.42790178571428567,48.90432982035949,Low
V0256,Vendor_V0256,OEM,0,Delhi,117,13,1.4583333333333333,7,0.4166666666666667,37.208333333333336,77.0,4.27,1,1,7.62962962962963,0.0,1592,0.8702797202797203,0.3407620570210497,0.8333333333333334,0.6798941798941798,71.63786403444676,Medium
V0257,Vendor_V0257,Services,0,Pune,74,14,2.333333333333333,10,0.5833333333333334,34.333333333333336,72.0,3.94,2,1,6.769230769230769,0.0384615384615384,1663,0.6821678321678322,0.22537703170796686,0.6666666666666667,0.6634615384615385,63.96217990642451,Medium
V0258,Vendor_V0258,OEM,0,Mumbai,642,13,4.875,13,0.875,33.5,70.0,7.23,1,1,6.764705882352941,0.1176470588235294,898,0.25122377622377623,0.031510791366906495,0.8333333333333334,0.49553571428571425,36.17859658327285,Low
V0259,Vendor_V0259,OEM,1,Bangalore,683,3,5.375,14,0.9166666666666666,34.708333333333336,89.0,4.06,1,0,6.666666666666667,0.0833333333333333,1428,0.1758741258741259,0.6609379163335998,0.8333333333333334,0.5758928571428571,46.647200221840514,Low
V0260,Vendor_V0260,Infra,1,Bangalore,777,10,3.208333333333333,11,0.5416666666666666,32.75,94.0,1.53,1,0,7.933333333333334,0.1333333333333333,1024,0.6190559440559441,0.8997761790567544,0.8333333333333334,0.3735119047619047,66.44921834759965,Medium
V0261,Vendor_V0261,OEM,1,Hyderabad,425,3,3.75,11,0.6666666666666666,31.541666666666668,85.0,7.63,3,0,6.695652173913044,0.0869565217391304,1535,0.48951048951048953,0.4031334932054355,0.5,0.5659937888198757,39.66503976161468,Low
V0262,Vendor_V0262,Services,0,Chennai,88,8,1.0,6,0.375,33.625,78.0,7.44,0,1,6.230769230769231,0.0,1490,0.9414335664335665,0.22985345057287498,1.0,0.7860576923076923,68.39585324747195,Medium
V0263,Vendor_V0263,Infra,0,Hyderabad,331,8,3.375,9,0.6666666666666666,34.833333333333336,86.0,5.79,1,0,6.260869565217392,0.0,1391,0.5272727272727273,0.5084838795630162,0.8333333333333334,0.7837732919254659,57.228045062538335,Medium
V0264,Vendor_V0264,OEM,0,Chennai,308,2,2.083333333333333,12,0.4583333333333333,36.208333333333336,96.0,4.28,1,0,4.7727272727272725,0.0909090909090909,1370,0.7823426573426573,0.8329229949373833,0.8333333333333334,0.7035308441558441,71.2074088231912,Medium
V0265,Vendor_V0265,Services,0,Hyderabad,781,8,4.125,11,0.7916666666666666,35.25,85.0,1.65,3,0,8.842105263157896,0.0526315789473684,1188,0.3767482517482518,0.6612629896083132,0.5,0.47603383458646614,53.67638620845266,Medium
V0266,Vendor_V0266,OEM,0,Hyderabad,567,11,2.333333333333333,11,0.5,35.583333333333336,92.0,6.54,4,0,7.476190476190476,0.0476190476190476,1255,0.7321678321678322,0.6316653343991474,0.33333333333333337,0.5903486394557822,49.48587202023738,Low
V0267,Vendor_V0267,OEM,0,Hyderabad,770,13,2.375,7,0.6666666666666666,37.0,75.0,1.53,1,1,5.956521739130435,0.0,1641,0.627972027972028,0.407183586464162,0.8333333333333334,0.8068711180124224,76.60136420898465,High
V0268,Vendor_V0268,OEM,0,Chennai,167,13,1.2083333333333333,4,0.4583333333333333,31.33333333333333,92.0,1.48,2,0,6.333333333333333,0.0416666666666666,1385,0.8704545454545454,0.8500826005861978,0.6666666666666667,0.689732142857143,80.25605165218475,High
V0269,Vendor_V0269,Infra,1,Chennai,486,1,1.8333333333333333,9,0.4583333333333333,35.291666666666664,76.0,4.76,4,1,8.6,0.2,1074,0.8075174825174825,0.2936850519584333,0.33333333333333337,0.1812499999999999,49.469707450822554,Low
V0270,Vendor_V0270,Infra,0,Hyderabad,758,6,3.8333333333333335,9,0.875,36.91666666666666,93.0,2.12,2,0,6.2105263157894735,0.0526315789473684,1114,0.3561188811188811,0.8483826272315479,0.6666666666666667,0.6757518796992481,59.581301058842705,Medium
V0271,Vendor_V0271,Services,0,Pune,263,8,2.6666666666666665,10,0.625,34.083333333333336,85.0,1.05,0,0,6.208333333333333,0.0,1338,0.6236013986013986,0.6871622701838527,1.0,0.7877604166666667,80.21314089462696,High
V0272,Vendor_V0272,Services,1,Delhi,510,3,3.25,11,0.625,36.625,77.0,3.96,0,1,5.105263157894737,0.0,1609,0.5648601398601398,0.3541433519850785,1.0,0.8714755639097744,70.29892745459766,Medium
V0273,Vendor_V0273,Services,0,Delhi,526,8,2.2916666666666665,9,0.5833333333333334,36.16666666666666,79.0,1.96,2,1,5.708333333333333,0.0,1340,0.6863636363636363,0.4923261390887288,0.6666666666666667,0.8257068452380952,75.27439371554703,High
V0274,Vendor_V0274,Services,1,Delhi,384,12,1.9166666666666667,9,0.4166666666666667,36.208333333333336,83.0,2.12,4,0,7.5,0.0909090909090909,1604,0.8241258741258741,0.5891233679722887,0.33333333333333337,0.4965503246753246,66.76471797087804,Medium
V0275,Vendor_V0275,OEM,1,Chennai,501,1,2.583333333333333,8,0.625,33.125,80.0,1.54,0,0,8.15,0.05,1528,0.631993006993007,0.5363815614175325,1.0,0.5341517857142857,72.18451231771826,Medium
V0276,Vendor_V0276,OEM,1,Chennai,220,11,2.083333333333333,6,0.625,33.541666666666664,71.0,2.44,0,1,7.3478260869565215,0.0434782608695652,1376,0.6823426573426573,0.26419930722088975,1.0,0.6088897515527951,72.72897594273104,Medium
V0277,Vendor_V0277,Services,0,Pune,173,11,3.583333333333333,11,0.5833333333333334,33.916666666666664,81.0,6.01,0,0,7.0,0.125,827,0.5562937062937063,0.3693578470556888,1.0,0.4620535714285714,53.11703584185599,Medium
V0278,Vendor_V0278,OEM,1,Delhi,469,9,2.875,9,0.6666666666666666,33.291666666666664,97.0,6.66,2,0,6.882352941176471,0.1176470588235294,1056,0.5776223776223777,0.756115107913669,0.6666666666666667,0.48660714285714285,46.86188586593263,Low
V0279,Vendor_V0279,OEM,0,Delhi,520,13,4.5,13,0.875,33.791666666666664,97.0,4.17,1,0,6.222222222222222,0.0,1300,0.288986013986014,0.8635971223021582,0.8333333333333334,0.7867063492063492,54.679651134237474,Medium
V0280,Vendor_V0280,Services,0,Hyderabad,92,11,4.625,14,0.8333333333333334,34.541666666666664,89.0,4.55,3,0,7.04,0.08,1200,0.3013986013986014,0.6397868371969091,0.5,0.554642857142857,43.56875947793215,Low
V0281,Vendor_V0281,Services,0,Chennai,732,13,3.208333333333333,8,0.7083333333333334,36.958333333333336,89.0,1.23,1,0,7.842105263157895,0.1052631578947368,1251,0.519055944055944,0.7830961897148947,0.8333333333333334,0.4400845864661655,65.17904426130477,Medium
V0282,Vendor_V0282,Infra,1,Delhi,315,9,2.583333333333333,13,0.5,34.5,82.0,1.49,3,0,7.08,0.04,1420,0.706993006993007,0.5903916866506793,0.5,0.6366071428571428,70.53802914711189,Medium
V0283,Vendor_V0283,Infra,0,Bangalore,36,5,4.291666666666667,10,0.7083333333333334,37.0,84.0,2.8,2,0,6.931034482758621,0.0689655172413793,1843,0.4099650349650349,0.585696775912603,0.6666666666666667,0.5863608374384235,57.01216127583654,Medium
V0284,Vendor_V0284,Infra,0,Pune,660,10,1.1666666666666667,6,0.4166666666666667,33.208333333333336,96.0,4.81,1,0,5.611111111111111,0.0,1217,0.8996503496503496,0.8100452970956566,0.8333333333333334,0.8330853174603174,75.2701730972864,High
V0285,Vendor_V0285,OEM,1,Bangalore,236,4,2.1666666666666665,8,0.625,35.625,95.0,6.18,2,0,9.6,0.2,799,0.673951048951049,0.7249826805222487,0.6666666666666667,0.1053571428571427,42.21612694859098,Low
V0286,Vendor_V0286,Infra,0,Bangalore,80,11,3.7916666666666665,9,0.7916666666666666,31.541666666666668,81.0,5.24,2,0,8.32,0.08,1542,0.41031468531468535,0.4025952571276313,0.6666666666666667,0.45749999999999985,44.40716217236002,Low
V0287,Vendor_V0287,OEM,0,Pune,635,6,2.333333333333333,13,0.5416666666666666,34.166666666666664,82.0,3.74,1,0,5.32,0.08,1531,0.7071678321678323,0.49326938449240587,0.8333333333333334,0.6851785714285714,69.65330766355946,Medium
V0288,Vendor_V0288,OEM,0,Bangalore,61,12,4.083333333333333,14,0.8333333333333334,34.208333333333336,77.0,1.83,3,1,7.363636363636363,0.0909090909090909,1274,0.355944055944056,0.44608579802824394,0.5,0.5068993506493507,53.97062694499745,Medium
V0289,Vendor_V0289,Infra,0,Delhi,44,7,1.625,6,0.5416666666666666,36.875,85.0,6.47,1,0,7.947368421052632,0.0526315789473684,1337,0.7784965034965035,0.4532054356514787,0.8333333333333334,0.5439379699248119,57.391989163808546,Medium
V0290,Vendor_V0290,OEM,0,Chennai,58,5,2.375,8,0.625,33.958333333333336,72.0,3.55,1,1,7.785714285714286,0.1071428571428571,1551,0.652972027972028,0.2422115640820676,0.8333333333333334,0.44036989795918363,61.55442627131348,Medium
V0291,Vendor_V0291,Infra,0,Pune,150,11,3.375,11,0.8333333333333334,34.625,97.0,6.15,1,0,7.074074074074074,0.074074074074074,1775,0.42727272727272725,0.7781294964028777,0.8333333333333334,0.5646494708994709,47.18344047705558,Low
V0292,Vendor_V0292,Infra,1,Hyderabad,517,13,2.0416666666666665,8,0.375,32.208333333333336,82.0,4.59,0,0,6.827586206896552,0.0689655172413793,1791,0.8365384615384615,0.4565787370103915,1.0,0.5942118226600985,70.86128946407104,Medium
V0293,Vendor_V0293,Services,0,Bangalore,248,10,1.7083333333333333,8,0.5833333333333334,32.25,81.0,6.17,2,0,7.884615384615385,0.1153846153846153,1481,0.7451048951048951,0.3624513722355449,0.6666666666666667,0.41535027472527486,52.22977674304114,Medium
V0294,Vendor_V0294,Infra,0,Pune,127,9,1.25,5,0.4583333333333333,36.208333333333336,88.0,7.35,2,0,6.043478260869565,0.0,1269,0.8662587412587412,0.4929976019184651,0.6666666666666667,0.8002717391304348,61.43185482018764,Medium
V0295,Vendor_V0295,Infra,1,Mumbai,191,3,1.6666666666666667,9,0.4583333333333333,36.833333333333336,71.0,7.45,1,1,5.315789473684211,0.0526315789473684,1006,0.8243006993006992,0.04794031441513436,0.8333333333333334,0.7436560150375939,61.593490521216765,Medium
V0296,Vendor_V0296,OEM,0,Mumbai,454,7,2.458333333333333,7,0.6666666666666666,34.541666666666664,70.0,4.75,2,1,7.473684210526316,0.1052631578947368,1128,0.6195804195804198,0.1385611510791367,0.6666666666666667,0.4680451127819549,54.310972064663844,Medium
V0297,Vendor_V0297,Services,1,Chennai,497,10,4.5,15,0.8333333333333334,34.916666666666664,77.0,4.58,0,1,7.9,0.2,1085,0.313986013986014,0.32738076205702094,1.0,0.2343749999999999,44.3223905141621,Low
V0298,Vendor_V0298,Infra,0,Delhi,121,10,1.8333333333333333,6,0.75,35.208333333333336,78.0,2.86,3,1,6.894736842105263,0.0526315789473684,1084,0.6325174825174825,0.42755129229949373,0.5,0.6238251879699248,62.38741651665261,Medium
V0299,Vendor_V0299,OEM,0,Chennai,543,11,6.0,14,1.0,31.625,94.0,7.55,2,0,6.333333333333333,0.1333333333333333,1119,0.06293706293706292,0.6399200639488408,0.6666666666666667,0.4949404761904762,26.25426986083461,Low
V0300,Vendor_V0300,Infra,0,Chennai,294,5,2.875,8,0.75,34.708333333333336,96.0,4.21,1,0,5.833333333333333,0.0833333333333333,1567,0.5276223776223776,0.8359445776711962,0.8333333333333334,0.6391369047619048,60.1465616966966,Medium
