vendor_id,payment_terms_days,payment_delay_days,invoice_amount_lakhs
V0001,30,11,58
V0001,30,1,113
V0001,60,4,55
V0001,30,4,28
V0001,60,6,99
V0001,60,9,14
V0001,30,2,18
V0001,60,4,113
V0001,60,0,62
V0001,60,0,12
V0001,45,10,23
V0001,45,7,86
V0001,60,8,47
V0001,60,9,55
V0001,45,6,60
V0002,45,3,72
V0002,60,16,94
V0002,45,16,15
V0002,60,6,62
V0002,45,14,76
V0002,30,0,106
V0002,45,9,17
V0002,45,0,21
V0002,30,20,16
V0002,30,0,56
V0002,30,4,7
V0002,30,5,68
V0002,45,1,47
V0002,30,8,112
V0002,60,8,69
V0002,60,12,70
V0002,60,0,76
V0002,30,13,45
V0002,30,0,61
V0002,45,9,67
V0002,60,5,8
V0002,30,7,91
V0002,30,0,89
V0003,45,0,81
V0003,30,0,82
V0003,45,1,77
V0003,60,12,30
V0003,60,12,78
V0003,45,8,19
V0003,30,8,108
V0003,45,4,90
V0003,60,0,49
V0003,60,4,32
V0003,30,0,73
V0003,45,0,21
V0003,30,0,87
V0003,60,0,77
V0003,60,15,21
V0003,60,13,62
V0003,45,17,10
V0003,45,11,60
V0003,60,11,106
V0003,45,7,70
V0003,60,7,92
V0003,45,1,113
V0004,30,12,73
V0004,45,2,6
V0004,45,14,102
V0004,60,10,40
V0004,45,2,62
V0004,60,9,41
V0004,30,2,8
V0004,45,11,37
V0004,45,7,107
V0004,60,12,98
V0004,60,0,45
V0004,30,16,39
V0004,60,4,91
V0004,45,5,105
V0004,45,9,87
V0004,30,8,116
V0004,30,7,30
V0004,60,0,54
V0004,30,3,12
V0004,45,10,97
V0004,45,2,114
V0004,30,3,26
V0004,30,11,45
V0004,60,7,26
V0004,30,10,90
V0004,60,5,69
V0004,60,0,66
V0004,45,17,85
V0005,45,0,53
V0005,45,8,100
V0005,45,9,75
V0005,45,7,54
V0005,30,7,34
V0005,30,6,99
V0005,45,12,39
V0005,30,5,89
V0005,30,0,66
V0005,30,0,30
V0005,60,5,57
V0005,30,6,9
V0005,45,4,29
V0005,45,0,73
V0005,45,13,72
V0005,60,7,72
V0005,45,14,19
V0005,45,0,35
V0005,30,6,25
V0005,45,14,60
V0005,60,9,62
V0006,45,6,88
V0006,60,11,108
V0006,30,4,22
V0006,30,10,36
V0006,60,0,17
V0006,30,11,101
V0006,45,0,105
V0006,30,9,19
V0006,60,7,10
V0006,45,0,35
V0006,30,6,50
V0006,60,10,5
V0006,30,0,13
V0006,30,10,96
V0006,30,9,28
V0006,45,11,107
V0006,45,7,41
V0006,45,0,94
V0006,30,3,57
V0006,60,8,100
V0007,45,8,101
V0007,60,2,55
V0007,30,11,7
V0007,45,0,107
V0007,60,14,76
V0007,60,0,52
V0007,60,6,50
V0007,45,11,86
V0007,45,0,62
V0007,60,12,10
V0007,45,8,112
V0007,60,0,118
V0007,45,0,104
V0007,60,0,89
V0007,60,7,13
V0007,45,11,33
V0007,60,0,89
V0007,60,4,20
V0007,45,2,99
V0007,45,11,49
V0007,60,16,24
V0007,45,7,43
V0007,30,11,104
V0007,60,5,43
V0007,45,21,83
V0008,30,0,17
V0008,60,9,92
V0008,60,10,64
V0008,60,9,81
V0008,45,23,119
V0008,60,13,62
V0008,60,11,14
V0008,30,15,119
V0008,60,14,22
V0008,60,15,83
V0008,45,16,34
V0008,45,5,100
V0008,60,1,61
V0008,60,6,61
V0008,60,10,55
V0008,45,8,12
V0008,30,0,15
V0008,45,7,19
V0008,60,21,18
V0008,45,10,65
V0008,45,1,46
V0008,45,3,45
V0008,30,11,50
V0008,60,9,116
V0008,45,9,89
V0008,45,18,117
V0008,60,13,77
V0008,60,4,74
V0008,30,15,40
V0009,60,14,45
V0009,60,21,113
V0009,60,9,61
V0009,60,5,67
V0009,45,6,100
V0009,45,4,63
V0009,30,0,21
V0009,45,3,43
V0009,45,3,92
V0009,60,0,74
V0009,45,7,84
V0009,45,3,15
V0009,30,1,35
V0009,60,2,80
V0009,60,11,44
V0009,30,0,42
V0009,60,8,48
V0009,60,8,14
V0009,60,0,65
V0010,30,15,86
V0010,60,4,58
V0010,60,9,96
V0010,30,13,26
V0010,30,1,58
V0010,30,0,20
V0010,30,7,70
V0010,45,23,75
V0010,30,6,104
V0010,60,7,67
V0010,45,3,55
V0010,45,9,60
V0010,60,3,6
V0010,45,4,14
V0010,60,1,21
V0010,45,14,18
V0010,60,7,106
V0010,45,15,102
V0010,60,2,37
V0010,60,10,68
V0010,60,1,111
V0010,60,2,83
V0010,45,15,116
V0010,45,0,32
V0010,45,10,28
V0010,45,3,99
V0010,45,3,29
V0010,30,8,7
V0010,30,16,110
V0011,45,10,80
V0011,45,7,33
V0011,60,22,52
V0011,45,10,103
V0011,30,13,86
V0011,60,0,37
V0011,60,5,26
V0011,45,0,64
V0011,60,2,97
V0011,30,21,48
V0011,30,13,113
V0011,30,12,56
V0011,30,9,17
V0011,45,10,6
V0011,60,3,111
V0011,60,3,47
V0011,45,11,27
V0011,30,13,38
V0011,60,15,113
V0011,45,5,108
V0012,45,17,73
V0012,45,15,32
V0012,30,7,54
V0012,60,11,102
V0012,60,17,72
V0012,45,3,43
V0012,60,8,87
V0012,30,5,111
V0012,60,12,27
V0012,45,1,114
V0012,45,10,74
V0012,60,14,85
V0012,60,0,104
V0012,30,1,107
V0012,45,14,43
V0012,45,5,118
V0012,30,3,79
V0012,45,8,64
V0012,30,3,49
V0012,60,4,55
V0012,45,12,74
V0012,45,13,97
V0013,30,13,109
V0013,45,7,53
V0013,45,2,20
V0013,45,0,102
V0013,30,7,52
V0013,60,4,8
V0013,45,7,83
V0013,60,7,106
V0013,30,4,77
V0013,60,2,13
V0013,45,8,71
V0013,45,10,50
V0013,60,11,17
V0013,45,10,85
V0013,45,13,85
V0013,45,7,93
V0013,45,7,107
V0013,60,3,93
V0013,45,11,41
V0014,30,0,60
V0014,60,0,62
V0014,60,1,107
V0014,60,2,107
V0014,30,7,62
V0014,60,14,20
V0014,60,9,107
V0014,60,8,88
V0014,30,16,64
V0014,45,9,91
V0014,45,0,73
V0014,60,9,80
V0014,30,9,88
V0014,60,13,12
V0014,45,5,57
V0014,30,3,33
V0014,30,14,22
V0014,45,0,93
V0014,60,5,97
V0014,30,0,75
V0014,60,4,100
V0014,60,7,100
V0014,45,6,107
V0014,30,3,20
V0014,60,9,46
V0014,60,0,102
V0014,60,3,30
V0014,60,16,63
V0015,60,4,21
V0015,30,0,40
V0015,30,6,114
V0015,45,17,111
V0015,30,19,75
V0015,45,1,72
V0015,45,10,93
V0015,30,6,119
V0015,45,13,109
V0015,30,9,89
V0015,30,14,54
V0015,60,10,19
V0015,60,0,106
V0015,45,6,59
V0015,60,8,19
V0015,60,11,39
V0015,45,13,48
V0015,60,9,87
V0016,45,12,92
V0016,30,3,63
V0016,60,0,82
V0016,45,6,88
V0016,30,9,84
V0016,45,6,57
V0016,30,10,49
V0016,60,5,101
V0016,30,22,117
V0016,45,0,27
V0016,60,0,47
V0016,45,3,10
V0016,60,6,16
V0016,60,12,78
V0016,60,10,61
V0016,45,5,7
V0016,60,20,20
V0017,60,8,104
V0017,30,16,102
V0017,45,0,58
V0017,30,8,104
V0017,30,1,73
V0017,60,8,16
V0017,45,0,29
V0017,30,9,90
V0017,45,10,22
V0017,30,17,109
V0017,45,9,73
V0017,30,0,72
V0017,60,7,113
V0017,30,11,112
V0017,45,7,45
V0017,30,4,102
V0017,30,24,101
V0017,30,3,66
V0017,30,7,48
V0017,30,16,50
V0018,30,20,38
V0018,30,9,80
V0018,30,9,80
V0018,30,15,20
V0018,45,2,77
V0018,45,7,88
V0018,30,10,68
V0018,30,3,81
V0018,30,11,7
V0018,60,6,21
V0018,45,10,86
V0018,30,6,33
V0018,60,15,46
V0018,30,1,113
V0018,60,9,96
V0018,45,3,103
V0018,60,5,88
V0018,45,11,55
V0018,60,10,86
V0018,30,8,110
V0019,60,11,30
V0019,30,0,33
V0019,45,9,56
V0019,45,6,119
V0019,60,15,79
V0019,60,11,73
V0019,45,0,34
V0019,30,0,101
V0019,45,3,26
V0019,30,12,31
V0019,45,10,39
V0019,60,6,7
V0019,30,1,89
V0019,45,0,23
V0019,60,4,24
V0019,45,3,31
V0019,60,13,16
V0019,45,0,105
V0019,45,13,23
V0019,45,7,70
V0019,45,9,100
V0019,60,14,31
V0019,45,3,101
V0019,45,6,81
V0019,30,9,6
V0019,45,0,106
V0019,45,2,55
V0019,45,3,19
V0020,60,19,79
V0020,60,10,40
V0020,60,1,73
V0020,45,5,82
V0020,45,0,56
V0020,45,7,81
V0020,45,6,85
V0020,45,19,43
V0020,30,11,41
V0020,45,17,5
V0020,30,5,50
V0020,60,9,55
V0020,60,0,7
V0020,60,0,32
V0020,30,5,42
V0020,45,8,105
V0020,60,11,110
V0020,60,15,70
V0020,30,8,111
V0020,60,17,21
V0021,30,15,119
V0021,45,9,118
V0021,45,3,85
V0021,45,3,34
V0021,60,4,14
V0021,60,1,41
V0021,60,12,93
V0021,60,0,58
V0021,45,18,100
V0021,45,11,79
V0021,45,11,27
V0021,60,10,21
V0021,45,13,95
V0021,60,5,56
V0021,60,0,37
V0021,45,0,52
V0021,60,2,19
V0021,30,4,80
V0021,45,16,59
V0021,45,6,31
V0021,60,0,11
V0021,45,9,18
V0021,45,17,54
V0021,30,9,56
V0021,60,5,105
V0021,30,8,66
V0021,30,8,117
V0021,60,16,94
V0021,45,0,49
V0022,45,11,68
V0022,30,5,11
V0022,45,8,64
V0022,30,10,66
V0022,60,20,119
V0022,45,14,71
V0022,45,1,12
V0022,45,8,108
V0022,30,7,108
V0022,60,9,118
V0022,60,0,20
V0022,30,6,20
V0022,45,2,67
V0022,30,1,5
V0022,45,11,73
V0022,60,15,117
V0022,30,12,48
V0022,30,16,103
V0022,45,1,107
V0022,45,8,41
V0022,30,0,10
V0022,45,0,105
V0022,30,11,9
V0022,45,3,78
V0022,45,7,85
V0022,60,6,7
V0022,30,3,63
V0022,45,3,8
V0023,30,9,57
V0023,45,13,84
V0023,60,5,90
V0023,45,3,93
V0023,30,0,39
V0023,45,7,11
V0023,30,2,31
V0023,45,11,6
V0023,30,8,116
V0023,45,9,53
V0023,45,16,80
V0023,30,0,91
V0023,60,18,92
V0023,45,3,67
V0023,30,5,15
V0023,45,12,103
V0023,60,7,65
V0023,45,11,96
V0023,45,5,6
V0023,30,6,112
V0023,45,0,50
V0024,60,9,96
V0024,60,0,36
V0024,45,4,23
V0024,45,7,16
V0024,30,11,91
V0024,60,4,90
V0024,60,5,37
V0024,45,0,76
V0024,45,12,5
V0024,30,6,50
V0024,45,10,78
V0024,30,4,88
V0024,60,3,44
V0024,60,9,23
V0024,45,6,19
V0024,45,5,84
V0024,30,6,79
V0024,30,11,57
V0024,45,5,51
V0024,45,12,38
V0024,45,8,37
V0024,30,14,44
V0024,45,5,56
V0024,30,14,86
V0024,60,4,111
V0025,45,9,61
V0025,60,5,43
V0025,30,7,38
V0025,45,19,92
V0025,30,2,34
V0025,30,5,54
V0025,60,0,53
V0025,30,0,54
V0025,45,16,88
V0025,45,1,75
V0025,30,8,15
V0025,45,0,95
V0025,30,7,63
V0025,30,13,85
V0025,30,8,116
V0025,45,0,47
V0025,30,6,9
V0026,30,1,101
V0026,45,0,99
V0026,45,0,70
V0026,60,9,30
V0026,30,8,70
V0026,30,7,84
V0026,30,14,110
V0026,60,1,64
V0026,30,7,7
V0026,60,10,28
V0026,30,11,101
V0026,45,1,16
V0026,45,8,82
V0026,30,8,98
V0026,60,4,76
V0026,30,10,19
V0026,45,4,9
V0026,60,11,31
V0026,30,0,90
V0026,30,4,94
V0026,30,10,9
V0026,45,11,72
V0026,30,12,26
V0026,60,9,29
V0026,30,9,65
V0026,30,4,61
V0026,30,7,91
V0027,60,0,93
V0027,60,0,117
V0027,60,4,71
V0027,30,6,26
V0027,45,2,81
V0027,45,2,74
V0027,45,0,59
V0027,45,0,41
V0027,30,6,100
V0027,30,0,41
V0027,60,0,48
V0027,45,7,62
V0027,60,9,116
V0027,45,0,49
V0027,30,1,87
V0027,60,4,52
V0027,45,12,22
V0027,30,1,37
V0027,45,8,42
V0027,45,7,86
V0027,30,8,88
V0027,30,5,61
V0027,30,9,46
V0027,30,3,117
V0027,30,3,34
V0027,60,9,7
V0027,60,6,62
V0027,30,0,79
V0027,60,2,86
V0028,60,0,117
V0028,45,12,84
V0028,30,11,78
V0028,45,5,30
V0028,60,11,106
V0028,60,10,108
V0028,45,14,40
V0028,60,14,95
V0028,60,3,108
V0028,30,17,58
V0028,45,15,83
V0028,60,6,9
V0028,30,14,99
V0028,30,10,64
V0028,45,0,54
V0028,60,9,89
V0028,45,11,37
V0028,30,20,57
V0028,60,11,37
V0028,45,6,27
V0028,45,0,12
V0028,45,15,101
V0028,45,8,42
V0028,30,12,73
V0028,45,12,74
V0028,60,6,13
V0028,60,0,26
V0028,60,11,16
V0028,45,12,20
V0029,45,6,107
V0029,60,16,50
V0029,30,10,65
V0029,60,12,110
V0029,30,11,39
V0029,45,10,41
V0029,30,5,53
V0029,45,7,39
V0029,60,3,47
V0029,30,4,97
V0029,45,14,25
V0029,45,6,108
V0029,45,19,79
V0029,45,0,51
V0029,60,9,50
V0029,45,0,110
V0029,45,12,78
V0029,30,17,37
V0029,45,13,100
V0029,30,10,92
V0029,60,6,36
V0029,30,9,53
V0029,30,19,98
V0029,30,2,85
V0029,45,19,91
V0029,60,8,117
V0030,60,6,95
V0030,30,9,30
V0030,60,6,61
V0030,45,11,115
V0030,30,8,86
V0030,45,0,6
V0030,30,16,60
V0030,30,15,115
V0030,45,1,82
V0030,45,6,93
V0030,60,13,27
V0030,45,0,119
V0030,30,11,65
V0030,30,9,39
V0030,60,17,45
V0031,30,1,14
V0031,60,12,66
V0031,45,1,77
V0031,45,11,99
V0031,60,11,117
V0031,60,10,46
V0031,60,5,34
V0031,60,8,107
V0031,45,2,37
V0031,30,11,38
V0031,45,7,56
V0031,30,8,98
V0031,60,12,38
V0031,30,0,25
V0031,30,0,62
V0031,30,0,10
V0032,30,2,54
V0032,60,3,92
V0032,60,11,109
V0032,60,9,23
V0032,30,10,35
V0032,60,13,51
V0032,30,0,62
V0032,45,7,38
V0032,60,16,82
V0032,30,9,28
V0032,60,10,88
V0032,30,0,15
V0032,45,15,72
V0032,30,0,91
V0032,30,1,17
V0032,30,0,101
V0032,45,4,72
V0032,30,12,89
V0033,30,5,6
V0033,30,1,117
V0033,45,2,27
V0033,60,5,96
V0033,30,13,78
V0033,45,7,85
V0033,60,4,103
V0033,30,0,37
V0033,60,8,108
V0033,60,5,43
V0033,30,15,29
V0033,30,0,31
V0033,60,6,73
V0033,60,11,79
V0033,45,4,102
V0033,30,11,97
V0033,30,15,115
V0033,30,15,33
V0033,60,17,27
V0033,30,8,45
V0033,45,6,67
V0034,45,20,71
V0034,30,6,57
V0034,30,10,63
V0034,45,5,31
V0034,60,11,89
V0034,45,9,90
V0034,30,9,6
V0034,30,11,111
V0034,30,18,114
V0034,45,5,92
V0034,60,13,105
V0034,45,7,108
V0034,45,5,65
V0034,30,3,14
V0034,60,1,56
V0034,30,6,42
V0034,60,8,14
V0034,30,0,79
V0034,45,2,44
V0034,45,3,16
V0034,60,2,95
V0034,30,10,69
V0034,60,0,49
V0034,30,15,117
V0034,60,4,109
V0034,45,0,99
V0034,60,0,17
V0034,30,1,68
V0035,30,7,8
V0035,60,9,77
V0035,30,3,28
V0035,30,7,55
V0035,60,0,113
V0035,45,8,24
V0035,30,7,23
V0035,60,0,30
V0035,60,6,10
V0035,60,12,74
V0035,45,8,60
V0035,45,8,89
V0035,45,10,27
V0035,30,15,11
V0035,45,6,110
V0035,30,8,83
V0035,60,1,89
V0035,60,11,45
V0035,45,8,50
V0036,45,5,72
V0036,30,6,33
V0036,30,14,60
V0036,45,0,23
V0036,45,13,20
V0036,45,12,106
V0036,60,6,57
V0036,30,17,71
V0036,45,3,17
V0036,30,11,49
V0036,45,13,43
V0036,30,11,43
V0036,30,13,104
V0036,30,14,117
V0036,60,0,40
V0036,45,10,110
V0036,30,17,20
V0036,30,5,22
V0036,45,8,95
V0036,30,3,97
V0036,60,4,16
V0036,30,15,101
V0037,60,0,114
V0037,60,0,112
V0037,45,18,23
V0037,60,19,93
V0037,30,3,39
V0037,60,4,88
V0037,30,13,80
V0037,45,1,86
V0037,45,3,76
V0037,30,0,74
V0037,45,14,75
V0037,30,8,55
V0037,30,3,112
V0037,60,5,81
V0037,45,8,33
V0037,30,11,97
V0037,45,11,104
V0037,60,1,65
V0037,30,13,16
V0037,30,4,77
V0037,60,1,75
V0037,60,10,80
V0037,60,11,63
V0037,60,3,85
V0037,60,4,6
V0037,30,4,111
V0037,30,2,94
V0037,30,0,99
V0037,30,2,73
V0038,45,9,115
V0038,45,0,12
V0038,45,5,9
V0038,45,5,71
V0038,30,13,39
V0038,60,14,47
V0038,45,6,37
V0038,60,1,104
V0038,30,5,9
V0038,30,7,61
V0038,30,2,34
V0038,45,0,11
V0038,45,11,26
V0038,60,19,95
V0038,30,5,70
V0038,45,13,78
V0038,60,6,102
V0038,60,17,54
V0038,30,6,66
V0038,30,13,89
V0039,60,13,105
V0039,45,3,48
V0039,60,3,19
V0039,45,3,100
V0039,60,13,117
V0039,45,11,21
V0039,60,9,43
V0039,45,6,119
V0039,60,8,53
V0039,60,4,13
V0039,45,14,49
V0039,30,7,47
V0039,30,10,107
V0039,30,5,30
V0039,60,8,17
V0039,60,3,17
V0039,30,2,17
V0039,30,5,18
V0039,45,11,61
V0039,60,12,92
V0039,60,18,48
V0039,30,13,7
V0039,30,17,11
V0039,30,12,42
V0039,30,7,94
V0039,45,10,98
V0040,30,2,25
V0040,45,10,87
V0040,45,1,102
V0040,45,0,108
V0040,30,8,48
V0040,60,15,55
V0040,30,18,116
V0040,60,12,24
V0040,30,2,8
V0040,30,8,5
V0040,30,4,21
V0040,45,3,113
V0040,60,16,99
V0040,60,12,33
V0040,30,1,77
V0040,30,6,118
V0040,30,3,57
V0040,45,9,115
V0041,30,2,86
V0041,60,5,68
V0041,45,0,102
V0041,30,5,79
V0041,30,7,89
V0041,30,12,38
V0041,30,8,44
V0041,45,0,25
V0041,60,3,79
V0041,45,3,78
V0041,30,11,76
V0041,60,9,57
V0041,30,10,8
V0041,30,5,29
V0041,60,9,17
V0041,45,3,13
V0041,60,12,42
V0041,60,6,100
V0041,60,3,11
V0041,60,20,49
V0041,60,8,18
V0042,30,10,22
V0042,45,2,16
V0042,30,4,49
V0042,60,7,66
V0042,45,0,78
V0042,60,9,33
V0042,30,2,107
V0042,30,4,67
V0042,45,9,50
V0042,30,5,57
V0042,30,2,51
V0042,45,4,113
V0042,45,13,76
V0042,30,2,101
V0042,60,0,40
V0042,60,13,23
V0043,30,8,110
V0043,30,5,88
V0043,60,0,58
V0043,60,13,98
V0043,30,1,102
V0043,30,17,57
V0043,60,9,10
V0043,60,13,30
V0043,60,5,7
V0043,45,7,26
V0043,60,14,69
V0043,30,17,20
V0043,60,12,56
V0043,60,1,43
V0043,30,4,8
V0043,60,11,47
V0043,30,14,92
V0043,30,1,51
V0043,45,4,96
V0043,30,13,81
V0043,60,13,17
V0043,45,0,85
V0043,60,0,56
V0043,45,10,56
V0043,60,10,16
V0043,60,2,112
V0043,60,10,20
V0043,60,9,80
V0043,30,17,65
V0044,60,2,89
V0044,45,12,59
V0044,30,17,115
V0044,30,11,28
V0044,60,4,85
V0044,60,9,119
V0044,30,11,118
V0044,30,14,66
V0044,60,6,110
V0044,45,21,70
V0044,45,16,63
V0044,60,15,61
V0044,45,5,34
V0044,60,5,78
V0044,60,5,34
V0044,45,10,68
V0044,60,9,40
V0044,45,0,82
V0044,45,7,77
V0044,45,19,108
V0044,45,15,65
V0044,60,3,86
V0044,45,9,81
V0044,30,2,7
V0044,45,11,87
V0044,30,10,17
V0045,60,7,98
V0045,45,0,88
V0045,45,0,85
V0045,45,12,39
V0045,30,9,38
V0045,60,9,85
V0045,60,4,90
V0045,60,8,68
V0045,30,9,98
V0045,60,10,119
V0045,60,8,67
V0045,60,7,115
V0045,30,0,113
V0045,60,14,95
V0045,45,2,34
V0045,45,14,96
V0045,60,6,79
V0045,60,7,32
V0045,45,14,38
V0045,60,6,25
V0045,30,8,82
V0045,45,17,57
V0045,45,6,107
V0045,45,5,104
V0045,30,1,66
V0045,45,19,84
V0045,45,14,102
V0045,60,10,24
V0045,30,1,87
V0046,60,13,34
V0046,30,0,46
V0046,30,4,118
V0046,60,2,109
V0046,45,4,48
V0046,60,2,45
V0046,45,1,68
V0046,30,0,90
V0046,30,2,65
V0046,60,0,21
V0046,60,13,101
V0046,30,15,52
V0046,60,9,82
V0046,60,13,118
V0046,60,6,25
V0046,60,10,76
V0046,30,8,80
V0046,45,6,80
V0046,60,8,60
V0046,30,8,22
V0046,45,1,6
V0046,60,1,14
V0046,60,1,18
V0046,60,8,28
V0046,45,12,90
V0046,45,23,47
V0046,45,4,109
V0046,30,0,77
V0046,45,5,16
V0047,60,4,72
V0047,45,0,97
V0047,30,0,115
V0047,45,2,21
V0047,45,0,7
V0047,30,8,29
V0047,30,14,49
V0047,45,0,52
V0047,30,7,85
V0047,45,12,65
V0047,30,10,88
V0047,60,14,12
V0047,45,12,19
V0047,30,14,36
V0047,60,3,104
V0048,60,9,64
V0048,45,3,100
V0048,45,7,90
V0048,45,1,99
V0048,60,13,21
V0048,60,8,38
V0048,60,0,101
V0048,30,6,115
V0048,30,16,39
V0048,45,16,118
V0048,60,13,36
V0048,30,11,22
V0048,60,8,110
V0048,30,3,114
V0048,45,10,90
V0048,60,5,42
V0049,45,3,53
V0049,45,13,39
V0049,60,0,66
V0049,30,0,86
V0049,60,4,65
V0049,60,3,69
V0049,45,11,15
V0049,45,15,55
V0049,60,13,62
V0049,60,6,119
V0049,60,15,94
V0049,45,8,42
V0049,60,4,17
V0049,60,14,54
V0049,60,2,71
V0049,30,0,84
V0049,45,17,111
V0049,45,8,22
V0049,60,8,55
V0049,30,18,104
V0049,45,3,53
V0049,60,6,45
V0049,60,10,40
V0050,45,7,74
V0050,60,23,113
V0050,45,4,24
V0050,30,22,19
V0050,45,3,83
V0050,30,7,63
V0050,30,9,108
V0050,45,11,106
V0050,45,4,47
V0050,30,0,112
V0050,60,8,48
V0050,60,0,91
V0050,60,1,90
V0050,60,15,66
V0050,60,0,16
V0050,60,12,6
V0050,30,15,49
V0050,30,0,115
V0050,60,5,53
V0050,45,0,115
V0050,30,7,41
V0050,60,12,42
V0050,60,2,82
V0050,30,1,110
V0050,60,6,39
V0051,30,7,75
V0051,60,9,18
V0051,30,0,70
V0051,45,4,116
V0051,30,0,8
V0051,45,11,36
V0051,60,7,8
V0051,45,1,62
V0051,60,8,79
V0051,60,16,44
V0051,30,5,27
V0051,45,0,33
V0051,30,3,23
V0051,60,7,84
V0051,30,0,117
V0051,45,4,105
V0051,45,0,34
V0051,60,8,85
V0051,60,6,46
V0051,30,8,116
V0051,45,2,96
V0051,60,4,107
V0051,60,0,84
V0051,60,0,84
V0052,60,2,14
V0052,30,10,113
V0052,60,6,50
V0052,45,16,82
V0052,45,7,94
V0052,45,7,118
V0052,45,11,72
V0052,60,3,71
V0052,30,3,118
V0052,30,3,56
V0052,60,1,51
V0052,45,1,58
V0052,30,0,64
V0052,45,0,38
V0052,30,7,114
V0053,60,7,43
V0053,30,7,47
V0053,45,0,86
V0053,45,11,46
V0053,45,8,104
V0053,60,0,18
V0053,45,10,54
V0053,60,12,105
V0053,60,2,108
V0053,60,0,12
V0053,60,15,13
V0053,60,0,16
V0053,45,10,59
V0053,30,18,110
V0053,60,7,57
V0053,45,11,52
V0053,30,3,91
V0053,60,8,54
V0053,60,1,33
V0053,60,0,113
V0054,60,3,85
V0054,30,8,66
V0054,30,2,8
V0054,60,4,28
V0054,45,9,11
V0054,45,8,95
V0054,30,9,100
V0054,45,0,12
V0054,30,12,90
V0054,45,6,38
V0054,60,15,102
V0054,30,10,19
V0054,60,4,9
V0054,60,18,87
V0054,60,11,26
V0054,30,10,43
V0055,45,3,102
V0055,60,1,115
V0055,45,6,51
V0055,45,7,32
V0055,60,6,87
V0055,45,8,106
V0055,45,11,94
V0055,60,14,103
V0055,45,14,81
V0055,60,0,93
V0055,45,7,80
V0055,60,0,84
V0055,45,0,40
V0055,45,4,64
V0055,60,13,48
V0055,60,4,53
V0055,60,7,98
V0055,30,4,82
V0055,60,14,98
V0055,30,9,64
V0055,60,0,19
V0055,30,6,17
V0055,30,5,115
V0055,60,1,40
V0056,60,11,111
V0056,30,14,96
V0056,45,1,84
V0056,45,2,105
V0056,45,0,35
V0056,60,0,104
V0056,30,7,51
V0056,60,9,31
V0056,30,3,52
V0056,45,11,6
V0056,60,6,89
V0056,30,0,59
V0056,30,12,37
V0056,45,9,41
V0056,45,0,75
V0056,60,0,45
V0056,45,13,113
V0056,60,4,109
V0056,30,14,117
V0056,60,9,61
V0056,30,0,46
V0056,45,0,96
V0056,45,8,71
V0057,30,13,38
V0057,30,0,35
V0057,30,12,49
V0057,30,2,77
V0057,45,6,66
V0057,30,20,84
V0057,30,7,98
V0057,45,9,107
V0057,30,12,19
V0057,60,7,6
V0057,45,0,68
V0057,60,11,17
V0057,30,8,89
V0057,60,2,82
V0057,30,11,112
V0057,60,6,13
V0057,45,4,8
V0057,30,0,36
V0057,30,0,48
V0057,60,2,64
V0057,60,13,40
V0058,45,12,118
V0058,30,13,105
V0058,45,3,90
V0058,45,9,83
V0058,30,7,68
V0058,45,12,45
V0058,30,0,87
V0058,60,14,77
V0058,30,7,80
V0058,45,7,35
V0058,60,8,50
V0058,60,2,65
V0058,30,23,53
V0058,60,6,98
V0058,60,7,14
V0059,45,6,8
V0059,60,3,50
V0059,30,7,63
V0059,60,0,90
V0059,30,13,13
V0059,45,10,71
V0059,30,1,64
V0059,45,6,23
V0059,30,0,21
V0059,45,0,39
V0059,30,1,17
V0059,60,7,111
V0059,45,10,61
V0059,45,4,84
V0059,30,6,76
V0059,45,4,40
V0060,60,3,75
V0060,60,7,70
V0060,30,7,10
V0060,45,1,78
V0060,30,19,112
V0060,30,9,96
V0060,60,7,75
V0060,45,1,55
V0060,60,14,59
V0060,30,14,117
V0060,30,7,81
V0060,30,1,91
V0060,30,0,70
V0060,60,4,109
V0060,30,6,105
V0060,30,10,100
V0060,45,12,79
V0060,45,2,56
V0060,60,4,100
V0060,60,7,84
V0060,60,0,86
V0060,30,1,94
V0061,45,0,33
V0061,60,0,42
V0061,45,15,28
V0061,60,9,101
V0061,45,17,35
V0061,30,15,8
V0061,30,16,103
V0061,30,1,81
V0061,60,10,79
V0061,60,7,48
V0061,45,11,22
V0061,45,0,43
V0061,60,18,105
V0061,60,1,15
V0061,45,8,113
V0061,60,4,14
V0061,60,0,66
V0061,45,10,17
V0061,60,9,106
V0061,60,7,70
V0061,60,6,53
V0061,45,3,115
V0061,45,0,31
V0061,30,5,54
V0061,45,9,24
V0061,45,0,86
V0061,30,12,16
V0061,60,5,82
V0061,60,5,35
V0062,60,1,82
V0062,30,13,80
V0062,30,9,95
V0062,60,5,109
V0062,45,7,41
V0062,45,6,11
V0062,60,1,48
V0062,30,10,76
V0062,30,11,72
V0062,60,5,63
V0062,30,5,6
V0062,45,3,35
V0062,30,0,6
V0062,45,0,16
V0062,30,0,60
V0062,45,4,60
V0062,60,7,111
V0062,30,0,94
V0062,60,13,106
V0062,30,14,43
V0062,30,7,93
V0062,60,12,97
V0063,45,4,17
V0063,30,11,38
V0063,30,18,47
V0063,45,5,108
V0063,60,17,83
V0063,60,3,75
V0063,60,0,28
V0063,60,14,119
V0063,30,1,33
V0063,60,15,30
V0063,30,15,10
V0063,30,0,80
V0063,45,0,41
V0063,45,3,19
V0063,45,5,74
V0063,45,0,70
V0063,60,4,20
V0063,30,11,116
V0063,45,7,103
V0063,60,1,44
V0063,30,3,73
V0063,30,5,99
V0063,60,1,49
V0063,60,10,59
V0063,60,16,90
V0063,45,12,75
V0063,45,8,61
V0063,45,7,116
V0063,30,2,26
V0064,60,6,80
V0064,30,6,40
V0064,60,6,11
V0064,45,0,84
V0064,60,8,51
V0064,60,8,36
V0064,45,6,92
V0064,30,6,29
V0064,30,19,90
V0064,30,0,59
V0064,30,10,32
V0064,30,0,65
V0064,30,10,51
V0064,60,7,12
V0064,45,1,91
V0064,45,0,100
V0064,30,0,114
V0064,45,0,39
V0064,45,6,25
V0064,30,0,25
V0064,60,1,79
V0064,60,1,58
V0064,60,0,30
V0064,60,3,36
V0064,45,14,91
V0064,60,4,70
V0065,60,9,51
V0065,60,10,53
V0065,30,8,36
V0065,60,0,21
V0065,45,8,34
V0065,60,2,43
V0065,60,6,16
V0065,45,5,52
V0065,45,5,87
V0065,30,15,39
V0065,60,11,31
V0065,30,3,37
V0065,45,3,21
V0065,45,0,64
V0065,30,10,35
V0065,30,5,28
V0066,30,21,118
V0066,60,0,27
V0066,60,4,67
V0066,30,5,34
V0066,30,10,67
V0066,30,12,42
V0066,45,6,15
V0066,60,0,13
V0066,45,8,67
V0066,60,7,67
V0066,60,0,59
V0066,30,7,105
V0066,60,8,33
V0066,45,0,87
V0066,30,19,74
V0066,30,9,59
V0066,60,15,11
V0066,30,4,15
V0066,30,4,70
V0066,45,15,79
V0066,45,17,32
V0066,45,11,5
V0067,60,12,111
V0067,60,15,97
V0067,30,12,116
V0067,45,0,40
V0067,60,4,42
V0067,30,2,7
V0067,45,6,22
V0067,60,11,83
V0067,45,7,21
V0067,45,0,103
V0067,30,1,67
V0067,30,1,66
V0067,30,12,57
V0067,60,0,47
V0067,45,2,75
V0067,30,0,16
V0067,60,2,36
V0067,60,7,65
V0067,60,15,77
V0068,30,5,6
V0068,30,4,15
V0068,30,4,93
V0068,45,4,15
V0068,60,5,8
V0068,30,7,84
V0068,30,12,71
V0068,45,2,111
V0068,45,3,62
V0068,30,11,50
V0068,60,22,24
V0068,45,11,119
V0068,30,0,56
V0068,30,3,72
V0068,45,11,20
V0068,60,2,87
V0068,45,2,21
V0068,60,9,101
V0068,30,8,15
V0068,30,22,35
V0068,60,0,26
V0068,45,7,24
V0068,30,1,48
V0068,45,12,119
V0068,60,11,95
V0069,60,4,40
V0069,45,6,109
V0069,45,1,99
V0069,30,13,13
V0069,45,2,40
V0069,30,6,92
V0069,30,10,17
V0069,60,5,37
V0069,30,8,85
V0069,45,3,88
V0069,45,0,6
V0069,60,3,26
V0069,30,0,95
V0069,60,10,84
V0069,30,14,101
V0070,60,0,59
V0070,30,16,60
V0070,60,8,51
V0070,45,7,38
V0070,30,8,70
V0070,60,7,87
V0070,30,6,12
V0070,45,0,45
V0070,45,11,28
V0070,45,0,6
V0070,30,0,6
V0070,45,8,87
V0070,30,7,49
V0070,45,21,70
V0070,60,7,54
V0070,30,1,26
V0070,60,10,72
V0070,60,5,89
V0070,60,11,63
V0070,30,11,88
V0070,60,11,77
V0070,30,8,56
V0070,60,3,20
V0070,45,10,51
V0071,30,14,69
V0071,30,1,15
V0071,45,0,23
V0071,30,5,7
V0071,30,0,81
V0071,60,6,29
V0071,30,7,75
V0071,60,18,74
V0071,45,7,33
V0071,30,1,91
V0071,45,12,102
V0071,45,0,18
V0071,30,0,23
V0071,30,17,69
V0071,45,6,109
V0071,45,5,88
V0071,45,9,11
V0071,60,13,15
V0071,45,6,98
V0071,30,14,19
V0071,30,6,51
V0071,45,10,56
V0072,30,19,67
V0072,30,13,83
V0072,30,5,33
V0072,60,4,99
V0072,45,3,101
V0072,30,0,61
V0072,30,9,91
V0072,60,7,59
V0072,60,9,82
V0072,45,12,78
V0072,60,4,102
V0072,30,5,29
V0072,60,3,50
V0072,60,0,65
V0072,45,15,110
V0072,45,1,98
V0072,30,12,37
V0072,30,0,64
V0072,30,0,47
V0072,30,13,35
V0072,30,15,101
V0072,60,10,82
V0073,60,1,6
V0073,45,5,76
V0073,45,1,26
V0073,30,3,11
V0073,45,5,7
V0073,30,12,46
V0073,30,11,105
V0073,60,1,75
V0073,45,16,73
V0073,60,14,38
V0073,30,1,31
V0073,45,7,63
V0073,60,20,75
V0073,60,20,29
V0073,60,10,27
V0073,60,13,63
V0073,60,5,11
V0073,45,3,48
V0073,45,2,27
V0073,45,12,62
V0073,30,1,71
V0073,45,8,26
V0073,30,10,26
V0073,45,13,87
V0074,60,12,34
V0074,60,3,30
V0074,45,0,14
V0074,45,1,75
V0074,30,10,11
V0074,30,15,119
V0074,45,5,35
V0074,30,10,45
V0074,30,10,105
V0074,60,4,66
V0074,30,7,15
V0074,60,7,114
V0074,45,8,55
V0074,45,12,73
V0074,60,1,81
V0074,45,0,66
V0074,30,2,47
V0074,60,12,89
V0074,30,8,22
V0074,60,5,5
V0074,60,9,93
V0074,30,4,25
V0074,30,14,91
V0075,45,5,88
V0075,45,11,28
V0075,60,0,16
V0075,45,8,39
V0075,30,7,115
V0075,60,0,21
V0075,45,3,22
V0075,60,1,119
V0075,60,1,20
V0075,60,8,35
V0075,30,9,79
V0075,45,0,62
V0075,45,17,112
V0075,30,2,114
V0075,45,1,53
V0075,60,0,23
V0075,60,10,6
V0075,30,13,89
V0075,30,3,7
V0075,30,7,34
V0075,45,3,60
V0075,60,4,35
V0075,60,0,91
V0075,45,0,86
V0075,60,9,119
V0076,45,1,21
V0076,45,0,113
V0076,45,14,74
V0076,30,6,72
V0076,45,9,30
V0076,45,3,98
V0076,45,5,62
V0076,45,1,27
V0076,45,19,85
V0076,45,15,99
V0076,45,2,29
V0076,60,5,78
V0076,60,9,117
V0076,60,0,7
V0076,45,11,96
V0076,60,4,80
V0076,30,11,9
V0076,45,2,21
V0076,45,8,20
V0076,30,0,20
V0076,30,0,32
V0076,45,14,49
V0076,60,1,79
V0076,45,15,44
V0076,60,1,86
V0076,30,0,112
V0076,45,11,92
V0076,60,7,37
V0077,60,6,61
V0077,30,13,57
V0077,60,0,68
V0077,45,14,88
V0077,45,12,119
V0077,60,3,113
V0077,45,0,111
V0077,45,3,40
V0077,45,2,114
V0077,60,1,22
V0077,60,7,99
V0077,30,8,14
V0077,30,5,18
V0077,45,15,116
V0077,45,0,97
V0077,30,12,88
V0077,30,14,116
V0077,45,12,66
V0077,30,10,114
V0077,30,4,15
V0077,45,0,76
V0077,30,9,27
V0077,45,14,80
V0077,30,6,116
V0077,60,7,77
V0077,45,2,75
V0077,30,4,74
V0078,45,6,77
V0078,60,2,37
V0078,45,6,118
V0078,30,12,41
V0078,30,8,98
V0078,45,0,84
V0078,45,5,6
V0078,60,9,47
V0078,60,1,15
V0078,60,7,83
V0078,45,7,35
V0078,30,6,31
V0078,30,11,54
V0078,30,1,42
V0078,60,10,101
V0078,45,20,41
V0078,60,2,23
V0078,60,15,63
V0078,60,9,111
V0078,30,12,110
V0078,60,13,22
V0078,30,2,82
V0078,45,3,109
V0078,60,1,56
V0078,45,15,23
V0078,60,14,48
V0079,30,18,63
V0079,30,8,17
V0079,45,0,71
V0079,60,10,45
V0079,45,7,26
V0079,30,0,18
V0079,30,0,39
V0079,60,0,60
V0079,60,2,14
V0079,60,17,38
V0079,60,6,24
V0079,30,9,59
V0079,60,4,93
V0079,45,10,117
V0079,30,6,25
V0079,30,16,55
V0079,45,2,106
V0079,45,0,90
V0079,45,15,55
V0079,30,0,13
V0079,30,16,104
V0079,60,6,67
V0079,45,9,32
V0080,45,1,30
V0080,30,3,81
V0080,60,5,79
V0080,30,2,83
V0080,60,10,77
V0080,60,12,118
V0080,30,5,110
V0080,30,1,88
V0080,60,5,97
V0080,30,3,26
V0080,45,5,99
V0080,30,5,43
V0080,45,12,65
V0080,30,16,56
V0080,30,5,82
V0080,30,15,115
V0080,60,12,109
V0080,45,11,42
V0080,45,20,32
V0080,60,2,82
V0080,60,0,100
V0080,30,11,30
V0080,30,2,75
V0080,30,0,76
V0080,45,3,99
V0081,30,0,112
V0081,45,13,69
V0081,45,8,8
V0081,45,13,104
V0081,60,1,109
V0081,45,7,49
V0081,30,3,71
V0081,60,4,6
V0081,30,1,90
V0081,60,5,106
V0081,30,15,39
V0081,45,0,75
V0081,30,9,33
V0081,60,0,107
V0081,60,0,104
V0081,45,14,119
V0081,45,6,43
V0081,30,15,47
V0081,45,0,64
V0081,60,8,100
V0081,45,16,88
V0081,30,2,35
V0081,60,15,54
V0081,45,9,113
V0081,60,5,55
V0082,45,7,97
V0082,60,12,14
V0082,30,9,55
V0082,30,9,45
V0082,60,0,5
V0082,60,0,56
V0082,45,1,78
V0082,60,0,7
V0082,45,7,71
V0082,60,14,116
V0082,45,6,20
V0082,30,3,76
V0082,60,5,109
V0082,45,7,19
V0082,30,0,109
V0082,30,4,65
V0082,60,7,70
V0082,60,4,90
V0082,30,5,61
V0082,60,9,95
V0082,45,12,103
V0082,30,11,26
V0082,45,12,91
V0083,60,16,19
V0083,30,8,69
V0083,30,0,86
V0083,45,15,85
V0083,45,6,34
V0083,45,0,105
V0083,45,1,88
V0083,45,5,96
V0083,60,0,104
V0083,60,7,78
V0083,45,13,54
V0083,60,2,100
V0083,30,12,110
V0083,30,8,102
V0083,60,7,53
V0083,30,0,25
V0083,45,1,38
V0083,60,4,89
V0083,30,7,88
V0083,30,8,8
V0084,30,0,56
V0084,60,5,61
V0084,30,11,32
V0084,30,0,38
V0084,45,12,72
V0084,45,19,59
V0084,30,7,102
V0084,30,8,55
V0084,30,9,116
V0084,45,0,58
V0084,60,4,69
V0084,45,5,98
V0084,60,12,85
V0084,45,4,30
V0084,60,6,113
V0084,30,10,93
V0084,60,7,20
V0084,45,12,93
V0084,45,2,34
V0084,60,16,50
V0084,60,0,47
V0084,45,1,75
V0084,30,7,84
V0084,45,0,79
V0084,45,9,105
V0084,30,7,8
V0084,60,8,47
V0084,30,0,19
V0084,45,0,44
V0085,60,8,70
V0085,30,10,58
V0085,30,9,103
V0085,60,9,59
V0085,60,13,73
V0085,45,9,7
V0085,45,0,86
V0085,45,9,42
V0085,60,6,69
V0085,45,8,45
V0085,45,0,5
V0085,30,11,37
V0085,30,5,88
V0085,45,3,51
V0085,45,11,50
V0085,45,7,11
V0085,60,20,28
V0085,60,5,77
V0085,45,2,96
V0085,60,17,33
V0085,30,1,45
V0085,30,1,59
V0085,30,9,82
V0085,45,3,66
V0085,45,8,41
V0085,30,14,46
V0085,30,0,79
V0086,60,6,72
V0086,45,15,73
V0086,30,1,111
V0086,60,10,44
V0086,30,7,105
V0086,30,5,6
V0086,45,9,21
V0086,30,0,42
V0086,30,0,10
V0086,30,13,84
V0086,30,4,19
V0086,60,10,96
V0086,45,10,61
V0086,60,10,36
V0086,30,2,46
V0086,30,0,60
V0086,60,0,107
V0086,60,0,19
V0086,60,8,70
V0087,45,10,88
V0087,60,7,49
V0087,45,3,17
V0087,45,0,68
V0087,30,2,21
V0087,60,16,93
V0087,30,13,12
V0087,30,11,49
V0087,60,14,111
V0087,30,10,110
V0087,30,5,75
V0087,60,8,97
V0087,30,0,82
V0087,60,10,103
V0087,60,11,64
V0087,45,11,72
V0087,45,8,76
V0087,45,0,94
V0087,30,9,111
V0087,30,7,116
V0087,45,11,77
V0087,45,1,41
V0087,30,3,64
V0087,45,1,68
V0087,45,1,87
V0087,45,13,31
V0087,60,13,47
V0088,60,3,74
V0088,45,1,40
V0088,60,0,97
V0088,60,5,10
V0088,45,13,55
V0088,45,4,23
V0088,30,4,13
V0088,60,6,115
V0088,30,7,75
V0088,30,8,112
V0088,30,9,47
V0088,30,21,92
V0088,30,15,58
V0088,60,17,89
V0088,60,0,27
V0088,45,0,13
V0088,45,5,70
V0088,45,10,38
V0088,30,7,68
V0089,45,11,56
V0089,45,6,108
V0089,30,0,56
V0089,60,2,30
V0089,45,6,99
V0089,60,5,12
V0089,30,9,95
V0089,60,6,25
V0089,60,22,75
V0089,45,0,83
V0089,60,8,31
V0089,45,0,17
V0089,45,13,17
V0089,30,8,119
V0089,60,8,32
V0089,60,3,36
V0089,30,7,72
V0089,60,1,86
V0089,60,0,7
V0089,45,0,63
V0089,60,20,108
V0089,45,0,80
V0089,45,0,105
V0089,30,8,94
V0089,60,6,107
V0089,45,6,70
V0090,45,19,82
V0090,60,0,102
V0090,30,4,75
V0090,60,13,85
V0090,45,5,86
V0090,30,10,32
V0090,30,12,108
V0090,30,0,84
V0090,45,10,8
V0090,45,2,96
V0090,45,10,39
V0090,30,5,61
V0090,60,3,23
V0090,30,8,72
V0090,45,6,12
V0090,45,26,119
V0091,30,4,105
V0091,45,6,94
V0091,45,3,87
V0091,45,3,41
V0091,30,14,92
V0091,45,9,109
V0091,60,12,117
V0091,45,5,19
V0091,30,1,17
V0091,60,4,82
V0091,60,13,91
V0091,30,2,86
V0091,30,2,36
V0091,60,4,113
V0091,30,5,94
V0091,45,8,9
V0091,60,8,78
V0091,60,14,70
V0091,45,10,76
V0091,45,12,86
V0091,60,2,18
V0091,45,14,57
V0091,30,0,27
V0091,60,21,89
V0091,30,7,65
V0091,60,12,12
V0091,30,2,97
V0092,30,2,37
V0092,45,0,106
V0092,60,8,99
V0092,45,10,107
V0092,45,3,64
V0092,45,12,27
V0092,45,0,11
V0092,45,4,17
V0092,30,11,37
V0092,60,14,52
V0092,30,19,65
V0092,45,1,7
V0092,30,2,102
V0092,45,0,24
V0092,30,1,86
V0092,30,16,46
V0092,30,8,45
V0092,45,3,61
V0092,60,0,78
V0092,30,6,19
V0093,45,12,104
V0093,60,9,33
V0093,30,15,35
V0093,30,5,26
V0093,60,7,118
V0093,30,1,71
V0093,60,5,109
V0093,60,0,75
V0093,45,13,33
V0093,30,4,33
V0093,30,8,89
V0093,60,10,100
V0093,30,7,18
V0093,30,0,69
V0093,45,2,10
V0093,30,11,45
V0093,60,12,40
V0093,30,11,91
V0093,60,2,33
V0093,45,21,65
V0093,45,4,24
V0093,30,1,27
V0094,45,2,35
V0094,45,13,20
V0094,60,8,35
V0094,45,8,52
V0094,45,0,20
V0094,30,8,34
V0094,30,0,73
V0094,45,7,29
V0094,45,0,113
V0094,45,0,117
V0094,60,7,36
V0094,60,1,53
V0094,60,15,81
V0094,45,10,21
V0094,30,4,110
V0094,45,15,72
V0094,30,2,96
V0094,30,8,102
V0094,60,3,82
V0094,30,7,69
V0094,30,3,58
V0094,30,10,68
V0094,45,8,25
V0094,45,10,80
V0094,45,7,103
V0094,60,12,34
V0094,45,13,89
V0094,30,0,65
V0094,30,3,85
V0095,60,3,8
V0095,30,11,6
V0095,60,0,111
V0095,45,15,7
V0095,30,4,46
V0095,30,0,60
V0095,60,8,14
V0095,45,1,115
V0095,45,14,41
V0095,45,16,89
V0095,60,7,87
V0095,60,13,5
V0095,30,0,28
V0095,60,9,8
V0095,45,8,108
V0095,45,8,43
V0096,30,2,90
V0096,45,0,116
V0096,30,0,107
V0096,30,4,31
V0096,45,1,56
V0096,30,11,109
V0096,45,12,31
V0096,30,0,44
V0096,30,13,11
V0096,45,0,81
V0096,45,3,103
V0096,30,8,23
V0096,60,0,67
V0096,30,0,64
V0096,45,13,9
V0096,60,6,44
V0096,30,9,110
V0096,45,4,53
V0096,60,18,20
V0096,45,12,68
V0096,60,0,6
V0096,60,14,14
V0096,30,0,30
V0097,45,15,106
V0097,30,15,27
V0097,60,6,81
V0097,60,0,32
V0097,60,13,91
V0097,60,7,93
V0097,45,2,62
V0097,30,0,50
V0097,30,13,29
V0097,60,14,33
V0097,45,9,73
V0097,30,5,30
V0097,30,3,39
V0097,45,0,36
V0097,45,9,19
V0097,30,6,106
V0097,30,0,62
V0097,30,9,15
V0098,45,0,26
V0098,30,13,8
V0098,45,15,11
V0098,45,6,23
V0098,30,1,35
V0098,45,3,60
V0098,30,9,93
V0098,30,0,85
V0098,60,10,64
V0098,30,16,67
V0098,30,13,40
V0098,60,5,76
V0098,30,3,92
V0098,45,11,29
V0098,30,0,77
V0098,30,0,113
V0098,60,7,65
V0098,45,9,24
V0098,30,5,19
V0098,60,12,118
V0098,30,2,98
V0098,30,14,48
V0098,30,3,12
V0098,60,9,29
V0098,45,9,45
V0099,60,9,7
V0099,30,6,99
V0099,30,5,29
V0099,60,17,41
V0099,30,20,64
V0099,45,7,26
V0099,60,9,20
V0099,60,6,97
V0099,30,0,76
V0099,45,22,83
V0099,60,12,10
V0099,30,6,24
V0099,45,7,7
V0099,60,6,88
V0099,30,8,119
V0099,30,6,93
V0099,30,0,85
V0099,45,9,19
V0099,60,2,91
V0100,45,0,85
V0100,60,0,80
V0100,45,9,5
V0100,45,4,16
V0100,45,15,5
V0100,30,5,17
V0100,30,6,109
V0100,45,0,29
V0100,60,7,92
V0100,60,19,103
V0100,45,15,26
V0100,60,5,34
V0100,30,7,52
V0100,45,7,54
V0100,45,12,10
V0100,60,2,41
V0100,60,17,33
V0100,30,13,25
V0100,45,6,30
V0100,60,1,110
V0100,60,4,31
V0100,60,16,96
V0100,45,14,70
V0100,45,3,113
V0100,60,13,100
V0101,30,3,42
V0101,60,0,58
V0101,60,2,109
V0101,45,16,89
V0101,30,6,28
V0101,30,14,97
V0101,45,5,57
V0101,45,3,9
V0101,30,7,50
V0101,60,4,95
V0101,30,7,25
V0101,60,17,28
V0101,30,9,107
V0101,45,21,60
V0101,30,7,5
V0101,60,8,110
V0101,30,13,7
V0101,30,11,31
V0101,30,8,114
V0101,60,3,43
V0101,60,7,36
V0101,60,0,48
V0101,30,3,77
V0101,60,7,7
V0101,60,5,52
V0101,45,8,91
V0101,60,0,89
V0101,30,13,110
V0101,60,0,107
V0102,45,9,15
V0102,30,0,20
V0102,60,13,104
V0102,30,9,35
V0102,30,14,39
V0102,60,7,5
V0102,45,5,53
V0102,45,8,20
V0102,60,14,113
V0102,60,6,71
V0102,60,7,93
V0102,60,3,65
V0102,60,4,19
V0102,30,2,9
V0102,60,10,92
V0102,60,10,26
V0102,30,9,54
V0102,30,2,84
V0102,30,14,24
V0102,30,4,36
V0102,30,1,81
V0102,45,17,106
V0102,30,1,110
V0102,30,8,53
V0102,45,10,94
V0103,60,0,75
V0103,60,4,49
V0103,30,6,61
V0103,45,10,92
V0103,45,10,23
V0103,45,0,17
V0103,30,8,15
V0103,60,2,108
V0103,60,5,36
V0103,60,5,18
V0103,60,0,69
V0103,60,11,113
V0103,60,11,99
V0103,45,0,36
V0103,60,2,36
V0103,45,12,112
V0104,60,0,106
V0104,60,19,66
V0104,30,10,119
V0104,60,9,55
V0104,60,7,104
V0104,60,12,61
V0104,60,6,29
V0104,30,4,118
V0104,60,5,111
V0104,30,15,28
V0104,45,3,42
V0104,60,16,51
V0104,30,3,7
V0104,45,5,24
V0104,30,7,63
V0104,30,3,53
V0104,60,7,65
V0104,60,8,19
V0104,45,14,34
V0104,60,0,68
V0104,45,16,44
V0104,60,3,70
V0104,30,0,98
V0104,60,6,75
V0105,45,5,88
V0105,45,17,101
V0105,30,0,6
V0105,45,3,31
V0105,60,17,52
V0105,45,4,23
V0105,60,11,6
V0105,30,4,79
V0105,60,4,25
V0105,45,11,83
V0105,60,4,40
V0105,60,12,78
V0105,30,5,95
V0105,30,2,79
V0105,45,4,89
V0105,60,9,91
V0105,30,4,74
V0105,60,15,104
V0105,30,16,119
V0105,30,17,62
V0105,60,5,47
V0105,60,8,34
V0105,30,3,105
V0105,30,5,110
V0105,45,10,39
V0105,45,5,21
V0106,45,7,53
V0106,45,6,76
V0106,60,11,13
V0106,30,11,88
V0106,30,0,27
V0106,45,0,114
V0106,60,0,54
V0106,60,0,102
V0106,45,1,100
V0106,60,5,103
V0106,60,3,15
V0106,60,16,23
V0106,45,16,42
V0106,30,11,82
V0106,30,11,89
V0106,30,0,101
V0107,60,10,46
V0107,60,16,98
V0107,30,0,80
V0107,45,9,33
V0107,45,0,41
V0107,30,1,100
V0107,45,11,97
V0107,60,22,21
V0107,45,6,16
V0107,45,0,78
V0107,45,13,19
V0107,45,3,93
V0107,30,9,28
V0107,60,11,20
V0107,30,5,28
V0107,30,15,79
V0107,30,1,7
V0107,60,2,20
V0108,30,0,103
V0108,30,12,64
V0108,60,3,32
V0108,60,8,49
V0108,30,11,20
V0108,30,22,33
V0108,30,2,37
V0108,30,0,45
V0108,45,12,41
V0108,30,12,21
V0108,30,1,51
V0108,45,0,95
V0108,60,0,51
V0108,60,4,59
V0108,30,9,85
V0108,30,1,88
V0108,45,12,27
V0108,45,3,117
V0108,30,0,98
V0108,30,10,56
V0108,30,20,100
V0108,30,5,71
V0108,30,0,49
V0108,30,2,105
V0108,60,3,84
V0108,30,7,66
V0109,45,8,17
V0109,60,13,34
V0109,30,9,68
V0109,30,17,56
V0109,30,0,111
V0109,30,14,92
V0109,30,1,93
V0109,30,15,50
V0109,30,7,114
V0109,30,0,39
V0109,45,0,39
V0109,45,4,50
V0109,45,16,81
V0109,45,6,36
V0109,30,6,15
V0109,45,14,52
V0109,60,9,60
V0109,45,3,117
V0109,60,4,42
V0110,60,11,74
V0110,60,8,43
V0110,60,2,30
V0110,60,1,57
V0110,30,0,9
V0110,45,0,81
V0110,60,0,79
V0110,30,3,48
V0110,60,5,62
V0110,30,2,97
V0110,60,8,59
V0110,30,4,110
V0110,30,9,17
V0110,45,0,102
V0110,60,0,96
V0110,45,5,62
V0110,30,0,84
V0111,60,8,50
V0111,45,9,86
V0111,45,20,101
V0111,30,0,22
V0111,60,9,79
V0111,60,2,45
V0111,30,7,46
V0111,30,13,22
V0111,30,10,87
V0111,60,4,56
V0111,45,0,27
V0111,60,5,73
V0111,60,10,37
V0111,60,0,32
V0111,60,0,18
V0111,60,15,87
V0111,60,6,74
V0111,60,6,84
V0111,30,1,87
V0111,30,5,88
V0111,60,7,101
V0111,30,2,118
V0111,45,8,111
V0112,60,12,33
V0112,60,3,17
V0112,60,11,55
V0112,30,8,114
V0112,45,10,97
V0112,45,7,26
V0112,60,3,103
V0112,45,0,13
V0112,45,5,99
V0112,30,14,117
V0112,45,0,24
V0112,30,17,96
V0112,30,0,67
V0112,60,12,92
V0112,45,3,11
V0112,45,11,39
V0112,60,0,24
V0112,45,9,39
V0112,60,5,50
V0112,60,16,44
V0113,60,1,77
V0113,60,0,19
V0113,60,8,96
V0113,60,8,50
V0113,45,10,83
V0113,60,0,25
V0113,45,9,109
V0113,60,19,87
V0113,60,5,13
V0113,30,6,42
V0113,60,2,76
V0113,45,14,75
V0113,60,15,90
V0113,45,11,80
V0113,60,14,67
V0113,30,11,111
V0113,45,9,62
V0113,30,3,66
V0113,30,10,20
V0113,30,14,59
V0113,30,0,16
V0113,45,3,78
V0113,45,15,85
V0113,45,6,30
V0113,60,14,83
V0113,60,0,77
V0113,45,9,49
V0113,45,4,24
V0113,30,4,9
V0114,45,2,36
V0114,45,10,95
V0114,60,16,92
V0114,30,16,71
V0114,60,5,90
V0114,30,9,35
V0114,60,6,112
V0114,30,11,23
V0114,30,6,42
V0114,30,7,106
V0114,45,22,84
V0114,30,15,106
V0114,45,6,64
V0114,60,14,81
V0114,30,19,64
V0114,30,10,71
V0114,60,14,71
V0114,60,0,111
V0114,30,11,107
V0114,30,2,82
V0114,60,17,88
V0114,45,2,57
V0114,45,8,17
V0114,60,6,39
V0114,45,3,92
V0114,60,7,22
V0114,45,11,9
V0114,30,15,108
V0115,30,9,85
V0115,30,15,29
V0115,45,9,110
V0115,45,0,41
V0115,30,0,94
V0115,60,14,50
V0115,60,12,92
V0115,30,0,44
V0115,30,7,41
V0115,30,3,101
V0115,60,5,62
V0115,45,10,52
V0115,60,11,81
V0115,30,0,29
V0115,30,0,100
V0115,45,8,99
V0115,60,9,66
V0115,30,7,78
V0115,60,4,87
V0115,60,10,6
V0115,45,4,84
V0115,30,0,88
V0115,45,17,89
V0115,45,7,22
V0115,60,12,42
V0115,60,12,87
V0116,30,12,68
V0116,30,0,108
V0116,30,11,43
V0116,60,4,118
V0116,45,0,54
V0116,30,5,106
V0116,30,9,20
V0116,45,8,91
V0116,60,6,109
V0116,45,3,68
V0116,30,16,74
V0116,45,0,108
V0116,45,16,80
V0116,60,17,64
V0116,60,10,79
V0116,45,3,63
V0116,45,6,21
V0116,45,5,91
V0116,45,4,22
V0116,45,2,105
V0116,45,5,71
V0116,60,3,59
V0116,30,12,100
V0116,45,11,33
V0116,60,0,14
V0116,30,7,49
V0117,45,8,42
V0117,30,2,67
V0117,45,5,97
V0117,60,9,39
V0117,30,20,105
V0117,60,7,77
V0117,30,15,86
V0117,30,11,60
V0117,60,13,26
V0117,60,13,6
V0117,45,9,41
V0117,60,7,28
V0117,30,16,19
V0117,30,6,104
V0117,30,6,25
V0117,45,11,14
V0117,60,0,10
V0117,45,2,108
V0117,45,2,53
V0117,30,18,69
V0117,30,3,32
V0117,45,3,75
V0118,60,6,34
V0118,60,12,24
V0118,30,7,13
V0118,60,15,107
V0118,30,8,71
V0118,60,25,57
V0118,60,5,41
V0118,30,4,47
V0118,45,4,33
V0118,30,19,79
V0118,60,11,93
V0118,30,16,21
V0118,30,15,72
V0118,30,22,114
V0118,45,3,90
V0118,30,5,77
V0118,45,6,103
V0118,30,1,13
V0118,45,13,83
V0118,60,9,15
V0118,30,4,51
V0118,45,9,105
V0118,30,13,87
V0118,45,3,25
V0118,60,23,91
V0118,60,11,51
V0118,60,2,77
V0118,45,3,40
V0118,30,15,53
V0119,30,0,76
V0119,45,14,65
V0119,45,13,27
V0119,45,22,102
V0119,45,4,71
V0119,60,6,97
V0119,45,11,70
V0119,45,12,81
V0119,45,11,76
V0119,60,13,36
V0119,60,2,83
V0119,30,8,5
V0119,60,2,32
V0119,60,10,17
V0119,45,15,89
V0119,45,0,111
V0119,45,1,10
V0119,45,8,105
V0119,45,7,72
V0119,60,11,103
V0119,45,10,46
V0119,60,0,65
V0119,30,0,30
V0119,45,3,26
V0119,30,0,25
V0119,60,7,51
V0119,45,10,100
V0119,45,11,92
V0120,30,3,116
V0120,45,2,5
V0120,45,2,47
V0120,60,4,13
V0120,30,13,5
V0120,45,10,15
V0120,60,4,29
V0120,60,8,63
V0120,30,6,84
V0120,45,9,112
V0120,45,13,25
V0120,45,14,107
V0120,60,7,10
V0120,30,2,73
V0120,45,0,115
V0120,45,8,41
V0120,60,0,10
V0120,60,5,54
V0120,45,1,103
V0120,30,6,38
V0120,30,3,55
V0120,45,3,101
V0121,30,5,52
V0121,45,0,103
V0121,45,7,116
V0121,45,9,97
V0121,30,11,103
V0121,30,7,99
V0121,30,8,31
V0121,60,10,83
V0121,45,2,18
V0121,60,9,111
V0121,45,0,94
V0121,60,11,109
V0121,30,12,8
V0121,30,17,63
V0121,60,10,58
V0121,30,5,92
V0121,30,3,43
V0121,60,11,48
V0121,45,9,49
V0121,60,17,69
V0122,45,0,86
V0122,45,3,19
V0122,60,1,14
V0122,45,6,24
V0122,60,12,63
V0122,30,12,86
V0122,30,5,113
V0122,45,5,28
V0122,30,11,95
V0122,30,17,114
V0122,45,6,48
V0122,60,4,60
V0122,60,0,109
V0122,45,10,16
V0122,45,0,109
V0122,30,4,51
V0122,45,7,40
V0122,45,6,95
V0122,30,4,66
V0122,30,18,116
V0123,60,4,39
V0123,60,16,64
V0123,30,0,81
V0123,30,1,33
V0123,45,15,55
V0123,30,13,28
V0123,30,15,26
V0123,30,23,32
V0123,45,0,118
V0123,60,3,12
V0123,60,3,92
V0123,60,2,83
V0123,30,0,98
V0123,45,9,11
V0123,60,8,32
V0123,60,4,118
V0123,45,13,43
V0123,60,7,70
V0123,30,0,81
V0123,45,4,35
V0123,30,0,62
V0123,45,5,65
V0123,30,15,46
V0123,30,7,9
V0123,30,14,110
V0123,30,5,119
V0123,45,9,113
V0123,30,8,94
V0123,60,0,50
V0124,45,14,76
V0124,60,10,33
V0124,60,10,115
V0124,60,9,11
V0124,30,17,15
V0124,30,3,74
V0124,60,6,37
V0124,30,9,71
V0124,30,6,109
V0124,60,2,111
V0124,30,1,53
V0124,45,2,44
V0124,45,0,87
V0124,45,9,53
V0124,45,11,58
V0124,60,6,55
V0124,45,1,65
V0124,45,11,119
V0124,30,8,60
V0124,45,4,91
V0124,30,5,49
V0124,30,20,7
V0125,60,2,87
V0125,30,5,84
V0125,60,6,30
V0125,30,11,96
V0125,45,9,37
V0125,60,0,53
V0125,45,9,72
V0125,60,5,23
V0125,45,15,29
V0125,30,5,64
V0125,60,4,97
V0125,45,4,62
V0125,45,2,18
V0125,30,4,110
V0125,60,6,79
V0125,60,0,39
V0125,30,10,51
V0125,45,0,71
V0125,45,2,14
V0125,30,7,117
V0125,60,10,101
V0125,30,16,80
V0125,60,8,82
V0126,60,6,112
V0126,60,19,109
V0126,60,15,30
V0126,30,4,105
V0126,60,10,94
V0126,45,8,82
V0126,45,16,52
V0126,60,0,7
V0126,60,10,17
V0126,30,8,42
V0126,60,6,117
V0126,45,5,43
V0126,60,0,29
V0126,45,9,79
V0126,30,16,76
V0126,45,6,41
V0126,45,12,63
V0127,60,5,63
V0127,60,5,111
V0127,45,7,38
V0127,30,1,36
V0127,60,10,67
V0127,45,10,49
V0127,60,11,97
V0127,60,24,28
V0127,60,8,31
V0127,60,8,37
V0127,30,0,42
V0127,60,3,74
V0127,30,0,61
V0127,60,9,10
V0127,30,6,40
V0127,60,0,74
V0127,60,9,111
V0127,30,1,101
V0127,30,9,29
V0127,30,5,41
V0127,30,5,75
V0127,45,7,60
V0127,30,2,117
V0127,45,9,95
V0127,60,6,88
V0127,60,5,25
V0128,60,10,44
V0128,45,6,78
V0128,30,10,47
V0128,60,13,9
V0128,45,0,28
V0128,45,6,45
V0128,45,14,38
V0128,60,7,8
V0128,60,13,17
V0128,60,10,118
V0128,45,4,36
V0128,45,1,31
V0128,30,11,109
V0128,60,9,85
V0128,30,0,32
V0128,60,15,57
V0128,60,9,13
V0128,60,4,94
V0128,45,6,66
V0128,45,5,107
V0128,60,5,80
V0128,45,13,81
V0128,30,6,119
V0128,30,15,78
V0128,60,3,79
V0128,60,15,118
V0129,30,0,14
V0129,30,9,108
V0129,45,4,45
V0129,45,0,55
V0129,30,12,106
V0129,45,10,110
V0129,30,11,67
V0129,30,7,52
V0129,30,18,80
V0129,60,9,12
V0129,60,6,114
V0129,60,13,73
V0129,30,12,26
V0129,30,5,16
V0129,45,13,112
V0129,45,7,66
V0129,30,8,104
V0129,60,10,85
V0129,30,14,47
V0129,45,11,72
V0129,30,0,119
V0129,45,0,105
V0129,60,15,40
V0129,45,6,64
V0129,45,11,9
V0129,45,11,102
V0129,45,2,93
V0130,30,6,99
V0130,30,3,73
V0130,45,4,67
V0130,60,12,86
V0130,60,8,99
V0130,45,20,45
V0130,45,9,34
V0130,45,9,19
V0130,30,8,42
V0130,60,2,107
V0130,30,2,67
V0130,45,12,13
V0130,60,9,52
V0130,60,15,64
V0130,45,0,38
V0130,60,6,58
V0130,45,9,16
V0130,45,4,27
V0130,30,3,37
V0130,45,3,40
V0130,30,1,99
V0130,60,11,106
V0130,60,5,70
V0131,30,16,65
V0131,60,1,57
V0131,60,19,71
V0131,45,3,42
V0131,30,10,61
V0131,45,4,83
V0131,30,19,114
V0131,60,0,10
V0131,45,9,7
V0131,45,0,88
V0131,60,22,21
V0131,30,7,92
V0131,45,3,45
V0131,60,0,34
V0131,30,7,56
V0131,60,6,34
V0131,30,0,67
V0131,60,12,87
V0131,45,6,91
V0132,45,6,105
V0132,60,5,98
V0132,30,0,107
V0132,45,10,114
V0132,60,11,112
V0132,30,15,102
V0132,45,0,105
V0132,30,3,11
V0132,30,6,103
V0132,60,10,110
V0132,60,7,40
V0132,30,0,96
V0132,30,8,19
V0132,60,4,36
V0132,30,6,52
V0132,45,4,91
V0132,30,8,6
V0132,60,20,117
V0132,30,0,89
V0132,30,4,37
V0132,60,15,40
V0132,30,6,53
V0133,45,12,17
V0133,45,12,95
V0133,45,7,79
V0133,30,15,88
V0133,45,2,48
V0133,60,5,50
V0133,45,0,100
V0133,45,4,57
V0133,60,9,17
V0133,30,7,110
V0133,45,17,97
V0133,30,0,108
V0133,30,3,37
V0133,45,6,26
V0133,30,18,5
V0133,60,9,113
V0133,45,4,74
V0133,30,9,65
V0133,30,5,61
V0133,60,5,9
V0133,45,0,50
V0133,60,18,71
V0133,60,9,46
V0133,45,3,81
V0133,60,0,119
V0133,30,2,72
V0134,60,5,39
V0134,45,5,50
V0134,30,11,62
V0134,30,1,57
V0134,30,5,93
V0134,30,1,11
V0134,60,17,35
V0134,30,4,96
V0134,30,13,34
V0134,45,7,31
V0134,60,11,11
V0134,45,7,104
V0134,45,18,92
V0134,60,23,110
V0134,60,3,30
V0134,45,4,91
V0134,45,14,30
V0134,45,3,119
V0134,60,5,82
V0134,45,10,63
V0134,45,17,65
V0134,30,7,48
V0134,30,1,70
V0134,30,10,93
V0134,30,9,55
V0134,45,12,57
V0134,60,11,104
V0135,30,0,54
V0135,30,3,50
V0135,45,6,84
V0135,30,2,62
V0135,60,0,18
V0135,60,8,10
V0135,45,9,50
V0135,60,0,16
V0135,45,0,24
V0135,60,0,99
V0135,60,15,41
V0135,30,2,87
V0135,60,7,104
V0135,60,22,72
V0135,60,0,67
V0135,45,0,47
V0135,30,6,59
V0135,60,6,23
V0135,60,0,95
V0135,45,14,64
V0135,60,8,55
V0135,60,9,25
V0135,60,9,102
V0135,45,9,66
V0135,45,6,117
V0136,45,0,35
V0136,60,3,42
V0136,30,8,79
V0136,30,13,92
V0136,30,10,79
V0136,60,15,69
V0136,30,8,76
V0136,60,2,89
V0136,60,0,104
V0136,60,10,66
V0136,60,16,110
V0136,60,0,107
V0136,60,20,65
V0136,30,0,118
V0136,30,2,25
V0136,30,13,46
V0137,30,4,70
V0137,30,10,90
V0137,60,5,81
V0137,30,9,40
V0137,30,8,44
V0137,60,2,92
V0137,45,4,34
V0137,30,16,115
V0137,60,9,51
V0137,45,31,117
V0137,30,2,109
V0137,45,6,57
V0137,60,14,30
V0137,30,12,63
V0137,60,11,30
V0137,60,5,90
V0137,60,3,70
V0138,60,5,42
V0138,30,18,26
V0138,60,5,39
V0138,45,4,64
V0138,60,8,76
V0138,45,11,99
V0138,60,14,63
V0138,45,2,106
V0138,60,13,46
V0138,60,30,113
V0138,45,3,109
V0138,45,19,105
V0138,60,3,93
V0138,30,17,89
V0138,30,11,54
V0138,45,0,108
V0138,30,13,19
V0138,30,7,31
V0138,60,6,30
V0139,30,2,81
V0139,45,6,50
V0139,45,12,101
V0139,30,0,15
V0139,45,2,100
V0139,30,0,59
V0139,45,3,114
V0139,45,10,75
V0139,30,11,86
V0139,45,11,64
V0139,30,14,12
V0139,60,9,5
V0139,60,0,52
V0139,30,12,118
V0139,30,8,7
V0139,45,4,76
V0139,45,0,20
V0139,30,0,32
V0140,30,17,44
V0140,45,5,44
V0140,60,0,112
V0140,45,10,70
V0140,45,6,89
V0140,60,7,42
V0140,30,7,19
V0140,45,5,41
V0140,60,15,33
V0140,45,0,63
V0140,30,7,47
V0140,60,8,12
V0140,30,4,117
V0140,30,11,43
V0140,60,14,78
V0140,30,17,15
V0140,30,6,46
V0140,30,2,56
V0140,30,16,39
V0141,45,12,98
V0141,30,1,45
V0141,30,8,42
V0141,60,6,84
V0141,60,13,82
V0141,60,1,17
V0141,30,11,41
V0141,45,11,112
V0141,45,1,98
V0141,30,2,71
V0141,30,15,42
V0141,45,0,74
V0141,60,2,42
V0141,45,3,103
V0141,30,5,56
V0141,60,10,26
V0141,45,2,72
V0142,60,0,114
V0142,45,0,73
V0142,45,12,47
V0142,60,0,41
V0142,60,8,62
V0142,45,7,30
V0142,45,4,20
V0142,60,3,15
V0142,45,9,56
V0142,60,15,50
V0142,30,9,74
V0142,30,14,15
V0142,60,6,67
V0142,60,5,80
V0142,30,11,103
V0142,30,8,85
V0142,60,0,31
V0142,30,15,14
V0142,60,6,41
V0143,60,1,69
V0143,30,7,88
V0143,60,7,112
V0143,30,9,93
V0143,60,2,72
V0143,60,2,118
V0143,60,10,29
V0143,60,6,28
V0143,30,5,63
V0143,30,2,47
V0143,45,12,53
V0143,45,9,77
V0143,45,12,91
V0143,30,1,118
V0143,45,9,106
V0143,60,0,32
V0143,60,7,54
V0143,60,6,110
V0143,60,15,32
V0144,45,11,97
V0144,60,2,35
V0144,60,5,115
V0144,45,6,90
V0144,30,11,52
V0144,60,6,95
V0144,60,9,34
V0144,45,14,72
V0144,60,13,30
V0144,45,4,72
V0144,45,0,67
V0144,60,8,13
V0144,60,6,33
V0144,60,1,100
V0144,60,12,60
V0144,45,1,44
V0144,30,0,93
V0144,45,5,80
V0144,60,12,46
V0144,60,3,5
V0144,45,8,47
V0144,30,2,99
V0144,30,0,113
V0145,60,7,49
V0145,60,7,33
V0145,30,5,26
V0145,30,0,15
V0145,60,7,21
V0145,60,10,31
V0145,60,3,18
V0145,45,5,43
V0145,60,11,68
V0145,45,0,35
V0145,60,9,18
V0145,30,0,20
V0145,60,0,35
V0145,30,13,25
V0145,30,7,81
V0145,45,8,110
V0146,45,11,74
V0146,30,0,62
V0146,30,12,96
V0146,45,8,117
V0146,45,7,13
V0146,60,11,8
V0146,60,15,94
V0146,45,4,20
V0146,30,11,8
V0146,60,0,103
V0146,30,16,12
V0146,45,13,56
V0146,45,15,9
V0146,30,15,65
V0146,30,5,19
V0146,45,16,31
V0146,60,10,8
V0146,60,1,23
V0146,45,2,96
V0146,30,1,52
V0146,45,9,97
V0146,30,9,11
V0146,45,11,77
V0146,60,10,17
V0146,60,0,93
V0147,45,3,73
V0147,30,9,57
V0147,45,0,88
V0147,60,9,31
V0147,45,8,22
V0147,45,15,83
V0147,45,4,77
V0147,45,2,57
V0147,45,9,43
V0147,45,10,42
V0147,30,9,35
V0147,30,5,84
V0147,45,0,91
V0147,30,0,30
V0147,60,0,83
V0147,60,8,93
V0147,30,4,18
V0147,30,14,74
V0147,60,12,84
V0147,60,7,87
V0147,60,0,115
V0148,45,10,70
V0148,60,11,44
V0148,30,2,54
V0148,60,3,85
V0148,30,10,11
V0148,60,0,98
V0148,60,3,59
V0148,30,5,57
V0148,45,6,106
V0148,60,3,76
V0148,45,9,94
V0148,30,3,18
V0148,45,5,86
V0148,30,3,109
V0148,30,14,72
V0148,60,0,52
V0148,45,13,41
V0148,45,5,110
V0148,45,9,83
V0148,45,7,28
V0148,60,2,57
V0148,30,7,86
V0148,60,12,50
V0148,60,5,92
V0149,30,3,89
V0149,60,6,19
V0149,60,6,85
V0149,45,8,10
V0149,45,7,62
V0149,60,19,41
V0149,30,0,32
V0149,45,8,53
V0149,45,3,80
V0149,30,13,71
V0149,60,0,86
V0149,60,2,104
V0149,30,6,40
V0149,45,17,108
V0149,60,9,80
V0149,45,14,64
V0149,60,7,102
V0149,60,9,59
V0149,60,11,98
V0149,30,0,57
V0149,45,0,32
V0149,30,10,66
V0149,45,13,50
V0149,45,8,82
V0149,60,0,83
V0149,30,12,7
V0149,30,6,13
V0150,30,0,28
V0150,45,5,9
V0150,60,15,75
V0150,60,0,48
V0150,60,12,21
V0150,60,5,100
V0150,45,0,78
V0150,45,4,41
V0150,60,11,92
V0150,60,6,56
V0150,45,5,22
V0150,45,14,81
V0150,30,10,25
V0150,30,7,83
V0150,60,3,16
V0150,60,5,9
V0150,45,9,30
V0150,45,7,43
V0150,60,3,15
V0150,60,11,52
V0150,45,8,51
V0150,30,0,103
V0150,30,7,29
V0150,30,26,41
V0150,45,0,67
V0150,45,0,98
V0151,45,0,114
V0151,30,2,54
V0151,30,1,63
V0151,45,13,113
V0151,60,17,114
V0151,60,2,86
V0151,30,0,36
V0151,60,6,118
V0151,30,2,79
V0151,60,6,73
V0151,45,6,39
V0151,60,5,117
V0151,30,3,82
V0151,30,14,111
V0151,30,6,105
V0151,45,8,18
V0151,30,0,101
V0151,60,3,52
V0151,45,8,71
V0151,30,4,114
V0151,45,4,38
V0151,45,1,70
V0151,45,5,72
V0151,45,5,93
V0151,30,12,81
V0151,45,13,18
V0151,45,11,108
V0151,45,8,62
V0151,45,8,77
V0152,60,7,19
V0152,30,9,115
V0152,60,3,94
V0152,45,1,25
V0152,30,4,68
V0152,30,11,36
V0152,30,8,12
V0152,60,10,29
V0152,45,3,42
V0152,60,12,7
V0152,60,5,21
V0152,45,16,60
V0152,60,14,81
V0152,60,10,35
V0152,30,3,116
V0152,45,2,76
V0152,60,8,88
V0152,60,15,66
V0152,45,0,46
V0152,45,16,8
V0152,60,5,109
V0153,45,0,16
V0153,30,0,118
V0153,45,6,92
V0153,30,24,68
V0153,30,18,14
V0153,60,12,6
V0153,45,2,117
V0153,45,0,48
V0153,60,4,74
V0153,45,1,35
V0153,30,0,62
V0153,30,2,91
V0153,60,3,5
V0153,60,2,9
V0153,30,0,15
V0153,30,11,59
V0153,30,9,25
V0153,45,7,63
V0153,60,5,7
V0153,45,13,22
V0153,30,12,115
V0153,45,14,69
V0153,45,17,109
V0153,45,4,5
V0153,60,0,71
V0153,60,10,89
V0153,45,4,46
V0153,30,0,119
V0153,60,0,66
V0154,45,12,47
V0154,45,9,14
V0154,30,10,79
V0154,60,16,15
V0154,30,15,109
V0154,60,0,78
V0154,60,21,60
V0154,30,0,117
V0154,60,11,93
V0154,60,19,85
V0154,30,13,8
V0154,45,0,82
V0154,45,4,98
V0154,30,7,12
V0154,45,11,116
V0154,45,13,117
V0154,45,1,37
V0154,60,2,77
V0154,30,8,82
V0154,30,12,74
V0154,45,9,81
V0154,45,5,30
V0154,60,8,70
V0154,45,3,45
V0154,45,4,48
V0154,45,2,62
V0154,45,5,119
V0155,45,6,101
V0155,60,3,37
V0155,60,4,78
V0155,60,13,85
V0155,45,2,93
V0155,45,16,33
V0155,60,10,81
V0155,45,0,46
V0155,30,10,14
V0155,30,12,62
V0155,45,16,70
V0155,60,6,78
V0155,60,0,99
V0155,30,8,30
V0155,30,4,28
V0155,60,1,8
V0155,45,10,52
V0156,60,4,85
V0156,60,7,52
V0156,60,12,29
V0156,45,9,82
V0156,45,11,90
V0156,60,13,107
V0156,30,9,110
V0156,30,12,19
V0156,60,3,52
V0156,60,0,113
V0156,45,1,57
V0156,45,17,35
V0156,30,16,35
V0156,60,4,105
V0156,60,6,27
V0156,60,16,72
V0156,30,6,5
V0156,60,6,57
V0156,30,7,67
V0156,30,24,68
V0156,30,5,42
V0156,30,0,17
V0156,60,9,110
V0156,45,4,81
V0156,45,5,36
V0156,45,21,116
V0157,30,14,15
V0157,45,1,87
V0157,60,9,27
V0157,30,7,96
V0157,45,2,78
V0157,45,2,36
V0157,30,7,36
V0157,30,12,80
V0157,45,7,17
V0157,45,3,7
V0157,45,8,70
V0157,30,8,105
V0157,45,9,66
V0157,60,8,65
V0157,45,2,31
V0157,60,12,32
V0157,30,0,91
V0157,45,5,16
V0157,60,13,90
V0157,60,1,64
V0157,30,11,51
V0157,60,4,6
V0158,60,7,44
V0158,30,0,101
V0158,45,16,109
V0158,30,4,102
V0158,30,0,42
V0158,30,7,66
V0158,30,7,17
V0158,60,5,91
V0158,60,14,115
V0158,45,0,58
V0158,30,13,27
V0158,45,11,34
V0158,60,6,71
V0158,60,13,117
V0158,45,3,71
V0158,45,11,49
V0158,30,6,59
V0158,30,0,98
V0158,45,5,68
V0158,60,8,92
V0158,60,11,73
V0158,45,7,6
V0158,60,14,93
V0158,60,0,34
V0158,45,0,41
V0158,30,7,29
V0159,45,7,62
V0159,30,13,118
V0159,60,12,91
V0159,45,0,96
V0159,45,7,63
V0159,30,4,45
V0159,60,6,63
V0159,45,9,84
V0159,45,15,91
V0159,60,16,29
V0159,45,9,79
V0159,60,19,50
V0159,60,0,49
V0159,45,10,71
V0159,30,18,102
V0159,30,3,85
V0159,45,9,79
V0159,45,3,85
V0159,60,8,31
V0159,30,9,58
V0159,45,0,63
V0159,60,8,103
V0159,45,17,67
V0159,60,5,100
V0159,60,6,49
V0159,45,15,26
V0159,30,1,61
V0160,30,15,99
V0160,45,10,36
V0160,30,6,71
V0160,30,14,21
V0160,45,7,9
V0160,45,4,109
V0160,60,0,105
V0160,60,10,52
V0160,60,16,67
V0160,45,19,97
V0160,30,5,107
V0160,45,2,31
V0160,60,0,109
V0160,45,1,20
V0160,60,13,17
V0160,30,10,54
V0160,60,1,91
V0160,60,4,113
V0160,60,0,69
V0160,60,9,78
V0160,60,14,48
V0160,30,11,42
V0160,30,13,58
V0160,30,11,29
V0160,30,12,104
V0160,45,12,67
V0160,30,0,41
V0160,30,0,50
V0160,60,9,28
V0161,60,0,114
V0161,45,4,21
V0161,30,10,19
V0161,60,8,102
V0161,45,2,89
V0161,45,1,67
V0161,30,0,26
V0161,45,2,25
V0161,30,8,5
V0161,45,7,28
V0161,30,11,112
V0161,45,1,8
V0161,45,10,113
V0161,45,6,100
V0161,60,2,101
V0161,60,10,51
V0161,30,2,71
V0161,30,0,105
V0161,45,11,84
V0161,60,10,22
V0161,60,14,79
V0161,60,2,61
V0161,60,4,25
V0162,30,2,31
V0162,60,3,92
V0162,30,6,104
V0162,30,0,119
V0162,60,2,105
V0162,60,0,15
V0162,30,12,111
V0162,30,16,51
V0162,60,12,34
V0162,45,2,41
V0162,30,10,26
V0162,60,1,95
V0162,30,7,92
V0162,45,14,59
V0162,30,11,76
V0162,30,8,20
V0162,60,0,11
V0162,60,12,5
V0162,60,9,60
V0162,30,17,22
V0162,30,0,72
V0162,60,8,17
V0163,45,9,18
V0163,30,5,8
V0163,45,13,106
V0163,60,0,103
V0163,45,0,62
V0163,45,13,68
V0163,30,11,97
V0163,45,16,97
V0163,45,0,14
V0163,45,10,85
V0163,45,12,90
V0163,45,4,45
V0163,60,15,26
V0163,45,5,30
V0163,30,5,79
V0163,30,7,85
V0163,45,0,86
V0163,60,12,7
V0163,45,7,96
V0163,30,12,85
V0163,45,0,73
V0163,45,14,92
V0163,45,0,6
V0163,30,0,74
V0163,30,0,111
V0163,30,2,110
V0163,45,2,36
V0163,45,0,79
V0164,30,0,62
V0164,60,10,40
V0164,60,12,46
V0164,45,14,97
V0164,60,0,111
V0164,30,9,81
V0164,45,3,22
V0164,45,15,62
V0164,45,4,119
V0164,30,12,83
V0164,30,18,70
V0164,30,0,23
V0164,45,3,116
V0164,30,6,72
V0164,30,8,34
V0164,45,18,96
V0164,45,3,93
V0164,30,7,103
V0164,60,11,117
V0164,30,0,80
V0164,60,0,98
V0164,30,5,21
V0164,60,6,119
V0164,45,4,113
V0164,60,1,24
V0164,60,0,60
V0164,60,11,72
V0164,45,4,107
V0165,45,7,42
V0165,30,3,94
V0165,60,3,90
V0165,30,14,67
V0165,45,4,101
V0165,30,13,101
V0165,45,13,61
V0165,60,3,118
V0165,45,0,79
V0165,30,9,117
V0165,30,0,44
V0165,60,0,22
V0165,45,15,28
V0165,30,6,49
V0165,45,0,53
V0165,45,8,32
V0165,60,16,38
V0165,45,8,31
V0165,60,5,26
V0165,60,11,6
V0165,30,15,63
V0165,45,7,32
V0166,60,20,95
V0166,30,0,91
V0166,60,10,70
V0166,45,7,24
V0166,60,10,51
V0166,45,13,60
V0166,30,2,101
V0166,45,4,11
V0166,45,2,36
V0166,60,15,31
V0166,60,11,64
V0166,30,0,25
V0166,30,5,5
V0166,60,5,115
V0166,45,3,79
V0166,45,6,18
V0167,45,9,50
V0167,45,2,74
V0167,45,11,33
V0167,60,4,20
V0167,30,4,101
V0167,45,3,59
V0167,30,15,35
V0167,60,14,11
V0167,45,0,104
V0167,30,5,28
V0167,60,4,65
V0167,30,12,91
V0167,45,7,80
V0167,45,0,43
V0167,60,0,87
V0167,45,0,42
V0167,30,8,10
V0167,45,0,10
V0167,30,13,119
V0168,30,1,66
V0168,45,0,89
V0168,45,7,70
V0168,30,0,15
V0168,45,12,84
V0168,60,3,108
V0168,60,2,97
V0168,60,0,105
V0168,60,17,51
V0168,45,5,44
V0168,45,3,65
V0168,30,14,103
V0168,45,7,79
V0168,60,10,119
V0168,45,7,71
V0168,30,7,63
V0168,60,11,113
V0168,60,15,42
V0168,60,6,89
V0168,30,7,34
V0168,45,11,7
V0168,30,6,64
V0168,45,11,107
V0168,30,10,67
V0168,30,3,95
V0168,30,3,73
V0168,60,2,41
V0168,30,3,51
V0169,60,0,25
V0169,60,0,72
V0169,60,8,22
V0169,60,6,107
V0169,30,14,92
V0169,60,10,69
V0169,60,13,80
V0169,30,12,89
V0169,30,1,48
V0169,45,11,66
V0169,60,0,115
V0169,45,1,30
V0169,45,10,23
V0169,45,6,45
V0169,60,12,58
V0169,30,0,49
V0169,45,3,28
V0169,30,5,22
V0169,45,5,56
V0169,60,0,95
V0169,30,6,63
V0169,45,19,61
V0169,30,11,20
V0169,30,17,92
V0170,30,4,98
V0170,60,0,115
V0170,60,4,75
V0170,45,11,59
V0170,30,0,8
V0170,45,10,88
V0170,60,14,112
V0170,45,0,108
V0170,60,8,103
V0170,30,0,75
V0170,45,0,102
V0170,30,1,33
V0170,45,2,103
V0170,30,9,74
V0170,60,6,26
V0170,45,7,115
V0170,60,3,21
V0170,45,3,58
V0170,45,3,85
V0171,45,6,94
V0171,60,13,65
V0171,30,0,40
V0171,30,2,50
V0171,30,2,92
V0171,45,3,43
V0171,45,15,36
V0171,30,8,65
V0171,45,10,31
V0171,30,13,39
V0171,30,4,95
V0171,60,20,90
V0171,60,16,77
V0171,45,9,9
V0171,45,4,83
V0171,45,15,76
V0171,30,11,106
V0171,30,14,40
V0171,45,0,19
V0171,45,13,108
V0171,60,3,64
V0171,60,1,105
V0171,30,7,18
V0171,60,12,73
V0171,60,4,57
V0171,45,10,82
V0171,60,10,73
V0171,30,4,40
V0171,30,4,52
V0172,60,12,40
V0172,45,21,42
V0172,45,7,43
V0172,45,2,109
V0172,30,0,5
V0172,30,0,30
V0172,30,5,45
V0172,30,13,17
V0172,45,0,23
V0172,60,6,119
V0172,60,4,96
V0172,60,0,84
V0172,30,10,52
V0172,60,12,23
V0172,60,0,24
V0172,30,6,23
V0172,30,0,19
V0172,60,9,85
V0172,60,0,56
V0172,60,11,94
V0172,45,0,14
V0173,30,1,56
V0173,45,11,20
V0173,60,7,25
V0173,30,11,58
V0173,30,0,31
V0173,45,5,20
V0173,60,15,22
V0173,30,1,117
V0173,30,13,31
V0173,60,0,95
V0173,45,0,29
V0173,30,13,60
V0173,60,11,55
V0173,30,1,99
V0173,30,6,116
V0173,60,10,20
V0174,60,17,102
V0174,45,15,56
V0174,60,1,60
V0174,30,8,105
V0174,60,8,27
V0174,45,19,102
V0174,30,7,84
V0174,60,4,104
V0174,60,3,78
V0174,45,8,7
V0174,30,12,18
V0174,45,6,83
V0174,30,1,42
V0174,45,0,18
V0174,30,0,72
V0174,45,10,36
V0175,30,0,51
V0175,30,6,93
V0175,45,4,110
V0175,30,3,62
V0175,45,0,91
V0175,60,7,62
V0175,60,2,36
V0175,45,6,13
V0175,45,4,69
V0175,60,9,106
V0175,30,6,37
V0175,30,5,100
V0175,30,10,106
V0175,60,8,76
V0175,45,10,35
V0175,60,5,28
V0175,45,8,72
V0175,30,18,31
V0175,30,1,31
V0175,45,6,39
V0175,45,10,111
V0175,60,6,119
V0176,45,14,83
V0176,45,16,73
V0176,60,11,87
V0176,45,5,64
V0176,60,12,97
V0176,45,13,16
V0176,60,10,31
V0176,60,4,89
V0176,30,3,59
V0176,60,7,88
V0176,60,3,69
V0176,30,14,13
V0176,30,4,111
V0176,30,13,31
V0176,30,17,114
V0176,30,0,35
V0176,45,4,23
V0176,45,3,11
V0176,30,5,41
V0176,30,9,86
V0176,45,0,99
V0177,60,4,10
V0177,60,4,65
V0177,60,9,110
V0177,60,5,81
V0177,30,15,87
V0177,45,9,30
V0177,45,10,114
V0177,45,1,23
V0177,60,1,65
V0177,60,10,71
V0177,60,6,43
V0177,30,12,115
V0177,45,11,15
V0177,60,9,15
V0177,30,8,40
V0178,60,7,65
V0178,60,6,16
V0178,45,0,97
V0178,60,2,36
V0178,30,9,86
V0178,60,8,5
V0178,60,9,11
V0178,45,2,55
V0178,45,5,115
V0178,45,9,95
V0178,45,13,16
V0178,30,17,74
V0178,60,11,12
V0178,45,0,61
V0178,60,0,114
V0178,60,16,118
V0179,30,9,51
V0179,60,11,12
V0179,60,0,54
V0179,60,5,65
V0179,30,1,83
V0179,60,7,54
V0179,30,5,50
V0179,30,6,67
V0179,45,11,44
V0179,45,15,78
V0179,60,3,59
V0179,45,10,93
V0179,60,18,51
V0179,60,0,11
V0179,60,7,27
V0179,45,14,33
V0179,30,15,48
V0179,45,0,40
V0179,45,6,100
V0179,45,16,33
V0180,45,0,60
V0180,45,10,109
V0180,30,16,21
V0180,30,13,9
V0180,45,0,74
V0180,60,1,111
V0180,60,0,28
V0180,30,13,50
V0180,30,5,50
V0180,45,8,8
V0180,45,9,101
V0180,60,3,112
V0180,30,2,64
V0180,45,0,33
V0180,45,0,116
V0180,60,12,92
V0180,30,9,78
V0180,60,0,55
V0180,30,1,75
V0180,60,13,118
V0180,30,0,29
V0180,30,0,34
V0180,45,10,16
V0180,30,15,66
V0180,30,7,110
V0181,60,15,81
V0181,30,6,85
V0181,45,4,79
V0181,45,3,40
V0181,60,10,64
V0181,60,11,78
V0181,60,6,102
V0181,60,5,73
V0181,30,1,36
V0181,45,16,99
V0181,45,12,111
V0181,60,5,42
V0181,45,3,111
V0181,45,0,112
V0181,60,16,77
V0181,45,4,52
V0181,30,11,20
V0181,60,2,53
V0181,60,3,95
V0181,45,1,63
V0181,30,16,67
V0181,45,3,51
V0181,60,8,99
V0181,60,0,82
V0181,30,0,98
V0181,45,1,51
V0182,60,8,65
V0182,45,12,107
V0182,60,13,48
V0182,30,18,33
V0182,45,1,10
V0182,30,5,19
V0182,60,15,56
V0182,60,5,57
V0182,60,4,47
V0182,45,5,17
V0182,60,15,36
V0182,45,5,69
V0182,45,7,82
V0182,30,6,12
V0182,60,11,51
V0182,30,2,36
V0182,30,10,100
V0183,60,8,105
V0183,45,0,33
V0183,30,10,33
V0183,45,0,99
V0183,60,5,110
V0183,30,2,9
V0183,45,8,105
V0183,30,2,38
V0183,30,8,72
V0183,45,2,33
V0183,45,13,118
V0183,45,0,109
V0183,45,0,5
V0183,60,0,38
V0183,45,1,16
V0183,30,3,118
V0183,30,8,119
V0183,45,0,34
V0184,45,6,114
V0184,45,5,114
V0184,60,14,26
V0184,30,12,84
V0184,45,8,42
V0184,60,6,12
V0184,30,10,109
V0184,45,0,40
V0184,30,0,45
V0184,45,8,49
V0184,45,7,92
V0184,45,9,50
V0184,45,3,54
V0184,30,5,63
V0184,30,9,90
V0184,45,4,74
V0184,30,7,103
V0184,60,9,39
V0184,60,17,76
V0184,60,7,68
V0184,30,10,70
V0184,30,1,33
V0184,60,0,22
V0185,45,9,87
V0185,30,15,9
V0185,45,17,56
V0185,60,9,94
V0185,30,4,96
V0185,60,6,102
V0185,30,8,9
V0185,60,9,111
V0185,30,4,67
V0185,45,10,78
V0185,30,11,60
V0185,30,4,118
V0185,60,9,16
V0185,60,0,111
V0185,30,13,38
V0185,45,2,73
V0186,60,4,70
V0186,45,5,39
V0186,60,12,58
V0186,30,10,27
V0186,60,10,36
V0186,45,2,115
V0186,60,1,71
V0186,30,11,58
V0186,60,0,28
V0186,30,1,68
V0186,45,4,35
V0186,45,18,83
V0186,45,3,79
V0186,30,1,28
V0186,30,5,46
V0186,60,7,36
V0186,60,4,14
V0186,45,10,111
V0186,30,15,11
V0186,45,6,51
V0186,45,5,112
V0186,60,10,76
V0186,45,11,21
V0186,30,11,25
V0187,45,9,30
V0187,30,7,116
V0187,45,9,44
V0187,60,9,86
V0187,45,5,7
V0187,60,19,42
V0187,45,5,24
V0187,60,12,97
V0187,30,20,41
V0187,60,15,67
V0187,45,8,13
V0187,45,11,97
V0187,45,7,87
V0187,30,6,69
V0187,45,4,24
V0187,30,7,108
V0187,30,0,38
V0187,30,0,26
V0187,45,6,48
V0187,45,3,18
V0187,45,0,86
V0188,45,11,91
V0188,60,21,23
V0188,60,17,67
V0188,60,0,35
V0188,45,6,46
V0188,45,0,23
V0188,30,5,45
V0188,60,0,10
V0188,60,16,88
V0188,30,18,92
V0188,45,4,118
V0188,30,9,24
V0188,45,3,7
V0188,60,13,23
V0188,45,14,39
V0188,30,12,53
V0188,45,15,89
V0188,30,12,99
V0188,60,14,102
V0189,30,14,82
V0189,60,7,99
V0189,30,11,87
V0189,45,11,100
V0189,45,2,11
V0189,60,5,79
V0189,60,6,105
V0189,60,10,101
V0189,45,1,55
V0189,45,9,7
V0189,30,4,39
V0189,60,12,7
V0189,60,17,88
V0189,30,8,48
V0189,45,4,5
V0189,60,1,56
V0190,45,7,77
V0190,45,1,88
V0190,30,1,110
V0190,30,6,43
V0190,45,4,48
V0190,60,13,14
V0190,30,9,90
V0190,30,7,9
V0190,45,14,75
V0190,45,18,8
V0190,45,7,70
V0190,60,6,64
V0190,30,1,70
V0190,60,12,83
V0190,30,14,106
V0190,60,10,42
V0190,45,15,51
V0190,45,4,106
V0190,30,5,64
V0190,30,10,30
V0190,45,2,82
V0190,45,0,48
V0190,60,14,106
V0190,30,3,9
V0190,60,14,86
V0190,45,11,29
V0191,30,3,109
V0191,30,5,75
V0191,45,14,30
V0191,60,9,36
V0191,45,13,90
V0191,60,12,21
V0191,45,7,16
V0191,30,1,105
V0191,30,1,49
V0191,45,3,20
V0191,30,15,56
V0191,45,13,86
V0191,30,0,38
V0191,45,6,58
V0191,30,4,91
V0191,30,7,45
V0191,30,3,21
V0191,60,14,70
V0191,60,0,10
V0191,45,11,114
V0191,60,13,119
V0191,60,5,72
V0191,60,8,29
V0191,30,12,119
V0191,45,1,105
V0191,45,7,6
V0191,30,4,59
V0191,60,9,115
V0191,30,5,107
V0192,30,1,117
V0192,45,0,23
V0192,60,2,44
V0192,45,8,72
V0192,30,4,40
V0192,45,5,8
V0192,45,8,76
V0192,30,3,82
V0192,60,4,44
V0192,60,10,73
V0192,45,17,114
V0192,45,9,92
V0192,45,4,115
V0192,30,5,53
V0192,30,8,8
V0192,45,9,67
V0193,30,0,56
V0193,45,7,91
V0193,45,0,95
V0193,30,10,102
V0193,45,6,29
V0193,30,9,52
V0193,45,12,52
V0193,60,9,79
V0193,30,12,9
V0193,30,2,98
V0193,60,15,57
V0193,60,4,94
V0193,60,10,116
V0193,30,8,16
V0193,60,15,13
V0193,30,2,105
V0194,30,4,58
V0194,30,15,52
V0194,30,15,70
V0194,30,16,95
V0194,60,3,98
V0194,45,4,38
V0194,60,0,72
V0194,60,5,12
V0194,45,5,107
V0194,45,6,30
V0194,30,7,95
V0194,45,8,60
V0194,60,0,61
V0194,30,15,10
V0194,60,3,80
V0194,30,2,69
V0194,30,5,28
V0194,45,4,69
V0194,30,0,24
V0195,45,0,91
V0195,60,8,105
V0195,60,5,70
V0195,45,21,58
V0195,30,5,29
V0195,30,15,119
V0195,60,19,56
V0195,45,12,17
V0195,45,7,75
V0195,30,0,57
V0195,30,4,100
V0195,45,8,78
V0195,60,10,75
V0195,45,10,47
V0195,45,7,50
V0195,60,0,5
V0195,60,6,118
V0195,30,5,24
V0195,30,11,76
V0196,45,18,15
V0196,60,10,76
V0196,60,13,69
V0196,45,10,20
V0196,45,8,117
V0196,45,6,55
V0196,30,7,29
V0196,45,2,48
V0196,60,11,47
V0196,30,10,69
V0196,45,7,68
V0196,30,3,77
V0196,45,11,10
V0196,30,13,50
V0196,45,14,8
V0196,30,0,46
V0197,60,7,21
V0197,30,9,11
V0197,30,7,50
V0197,30,19,36
V0197,30,12,119
V0197,60,14,50
V0197,60,4,49
V0197,45,16,93
V0197,60,0,58
V0197,45,7,74
V0197,45,16,81
V0197,45,4,91
V0197,30,5,113
V0197,30,2,75
V0197,30,5,82
V0197,60,3,53
V0197,45,7,95
V0197,60,2,77
V0197,45,4,65
V0197,60,13,44
V0197,60,2,35
V0197,45,2,15
V0197,45,2,39
V0197,30,10,91
V0197,45,3,46
V0197,60,0,89
V0197,30,12,77
V0197,45,8,41
V0198,30,1,113
V0198,30,15,49
V0198,45,5,116
V0198,45,8,65
V0198,45,0,16
V0198,60,1,6
V0198,60,9,22
V0198,45,4,103
V0198,45,6,59
V0198,60,6,84
V0198,30,10,62
V0198,60,5,36
V0198,30,0,78
V0198,60,3,42
V0198,45,8,57
V0198,60,7,106
V0198,60,3,50
V0198,30,9,91
V0198,60,3,23
V0198,60,9,81
V0199,60,0,38
V0199,30,8,17
V0199,45,10,31
V0199,45,18,71
V0199,45,0,18
V0199,60,8,110
V0199,30,8,13
V0199,30,13,20
V0199,45,6,76
V0199,30,4,79
V0199,45,2,107
V0199,60,0,9
V0199,30,6,15
V0199,45,9,17
V0199,30,7,27
V0199,60,10,113
V0199,45,0,88
V0199,30,11,20
V0199,60,3,81
V0199,45,8,102
V0199,60,10,70
V0199,60,5,63
V0199,30,1,49
V0199,45,14,33
V0199,30,17,46
V0199,30,2,112
V0199,30,2,28
V0199,60,0,63
V0200,60,3,83
V0200,45,0,20
V0200,30,0,69
V0200,30,0,59
V0200,60,16,102
V0200,60,8,42
V0200,30,17,41
V0200,45,1,10
V0200,60,12,115
V0200,60,13,93
V0200,45,4,89
V0200,60,7,37
V0200,60,19,113
V0200,45,12,101
V0200,60,16,72
V0200,45,6,70
V0200,45,9,80
V0201,30,8,24
V0201,30,9,29
V0201,45,9,23
V0201,30,12,17
V0201,60,13,94
V0201,30,4,76
V0201,30,12,19
V0201,45,0,24
V0201,45,19,64
V0201,30,10,25
V0201,60,0,22
V0201,30,9,35
V0201,30,0,49
V0201,60,13,79
V0201,30,10,74
V0201,45,14,15
V0201,30,12,93
V0201,45,4,109
V0201,30,9,18
V0201,30,11,20
V0201,60,0,118
V0201,45,17,57
V0201,60,5,9
V0201,30,2,56
V0201,45,9,89
V0201,60,3,19
V0201,60,12,10
V0202,45,4,30
V0202,60,12,117
V0202,30,14,6
V0202,60,14,105
V0202,45,13,84
V0202,45,9,19
V0202,30,0,23
V0202,30,7,108
V0202,30,3,23
V0202,45,6,98
V0202,45,5,9
V0202,30,14,92
V0202,60,9,96
V0202,30,18,103
V0202,60,8,80
V0202,30,4,43
V0202,45,14,22
V0202,30,8,34
V0203,30,0,20
V0203,60,19,63
V0203,30,0,116
V0203,45,6,70
V0203,45,3,63
V0203,45,0,22
V0203,30,0,73
V0203,45,1,17
V0203,45,9,72
V0203,60,0,81
V0203,45,18,109
V0203,60,10,119
V0203,60,7,68
V0203,45,5,14
V0203,30,10,35
V0204,60,8,101
V0204,60,0,41
V0204,45,19,41
V0204,45,15,93
V0204,60,0,46
V0204,45,12,13
V0204,45,7,42
V0204,30,16,75
V0204,60,0,60
V0204,30,16,6
V0204,45,7,53
V0204,60,0,118
V0204,30,7,64
V0204,30,13,90
V0204,30,18,116
V0204,30,4,61
V0204,30,12,68
V0204,45,18,74
V0204,60,13,25
V0204,45,0,106
V0204,45,12,64
V0204,60,0,56
V0204,45,3,47
V0204,45,3,12
V0204,45,5,34
V0205,45,0,15
V0205,45,18,16
V0205,60,9,67
V0205,30,12,16
V0205,60,7,69
V0205,30,2,67
V0205,60,0,54
V0205,30,20,96
V0205,60,6,47
V0205,60,0,116
V0205,30,11,19
V0205,60,7,92
V0205,60,15,24
V0205,45,17,84
V0205,60,8,55
V0205,60,0,104
V0205,30,11,117
V0206,45,4,94
V0206,60,3,79
V0206,30,17,93
V0206,60,6,51
V0206,45,5,75
V0206,30,7,29
V0206,45,0,48
V0206,60,13,87
V0206,30,11,32
V0206,30,0,36
V0206,60,3,91
V0206,45,3,44
V0206,45,12,60
V0206,60,15,113
V0206,60,5,31
V0206,30,0,7
V0206,45,1,54
V0206,30,0,89
V0207,60,1,19
V0207,30,2,36
V0207,30,9,112
V0207,45,14,27
V0207,30,0,30
V0207,30,2,20
V0207,30,9,86
V0207,30,6,102
V0207,60,6,66
V0207,60,17,71
V0207,60,4,26
V0207,45,7,77
V0207,60,4,114
V0207,60,1,56
V0207,45,20,68
V0207,30,10,102
V0207,45,3,82
V0207,45,2,7
V0207,30,11,36
V0207,45,13,90
V0207,30,0,66
V0207,60,6,80
V0207,45,7,51
V0208,45,7,17
V0208,60,2,27
V0208,45,14,98
V0208,60,8,45
V0208,45,5,27
V0208,60,0,56
V0208,30,0,81
V0208,45,14,82
V0208,60,9,94
V0208,30,28,82
V0208,30,13,85
V0208,30,1,33
V0208,60,9,97
V0208,45,1,80
V0208,45,7,7
V0208,30,16,63
V0208,45,10,104
V0208,45,6,110
V0208,45,16,81
V0208,60,4,79
V0208,30,6,33
V0209,45,13,70
V0209,60,9,30
V0209,60,2,23
V0209,45,10,47
V0209,30,16,25
V0209,45,7,22
V0209,60,3,61
V0209,30,11,17
V0209,45,9,33
V0209,45,10,73
V0209,30,1,115
V0209,30,4,55
V0209,60,13,76
V0209,60,6,69
V0209,30,8,5
V0209,60,9,74
V0210,60,1,98
V0210,60,8,79
V0210,30,0,47
V0210,45,7,118
V0210,60,2,70
V0210,60,9,106
V0210,45,9,59
V0210,45,2,114
V0210,30,19,45
V0210,30,5,33
V0210,30,8,65
V0210,60,8,60
V0210,45,9,33
V0210,45,4,89
V0210,45,4,70
V0210,60,0,68
V0210,45,5,66
V0210,45,13,108
V0211,30,7,97
V0211,60,8,70
V0211,30,4,97
V0211,60,3,36
V0211,45,15,93
V0211,60,0,15
V0211,45,12,30
V0211,45,2,32
V0211,60,3,50
V0211,45,5,113
V0211,45,16,67
V0211,45,9,92
V0211,45,14,56
V0211,30,11,36
V0211,45,12,43
V0211,60,9,82
V0211,30,4,47
V0211,60,0,56
V0211,45,5,59
V0211,45,0,56
V0211,30,4,112
V0211,45,11,85
V0211,30,7,77
V0211,60,6,24
V0211,45,16,105
V0212,60,11,35
V0212,30,10,44
V0212,30,8,43
V0212,45,6,82
V0212,30,0,93
V0212,60,3,118
V0212,60,0,34
V0212,30,0,68
V0212,45,6,112
V0212,45,0,110
V0212,60,3,106
V0212,60,10,116
V0212,45,8,90
V0212,30,7,114
V0212,45,9,10
V0212,45,3,14
V0213,30,12,13
V0213,45,2,15
V0213,30,11,94
V0213,30,11,6
V0213,30,10,103
V0213,60,4,8
V0213,60,10,50
V0213,45,5,30
V0213,60,9,36
V0213,45,5,65
V0213,60,0,63
V0213,30,4,35
V0213,45,0,74
V0213,30,4,56
V0213,60,0,85
V0213,30,5,106
V0213,60,11,98
V0213,60,6,20
V0213,45,17,48
V0213,60,5,77
V0213,60,6,73
V0213,45,14,29
V0213,45,16,75
V0213,60,16,45
V0213,60,2,18
V0213,60,1,65
V0213,60,3,108
V0213,60,0,22
V0214,30,6,106
V0214,60,3,53
V0214,45,3,24
V0214,30,7,86
V0214,60,0,38
V0214,60,22,47
V0214,60,10,58
V0214,60,0,106
V0214,45,7,13
V0214,45,3,62
V0214,45,5,48
V0214,60,22,27
V0214,30,15,28
V0214,45,4,13
V0214,45,8,119
V0214,45,18,58
V0214,60,3,117
V0214,45,8,63
V0214,60,12,65
V0214,30,0,9
V0214,60,0,95
V0215,45,0,15
V0215,45,4,109
V0215,30,14,109
V0215,60,0,110
V0215,45,8,117
V0215,45,6,14
V0215,45,13,66
V0215,45,5,41
V0215,45,0,91
V0215,30,18,79
V0215,30,0,88
V0215,30,4,45
V0215,30,0,94
V0215,45,4,56
V0215,45,0,70
V0215,60,0,44
V0215,30,1,9
V0215,45,12,89
V0215,60,12,70
V0215,60,1,51
V0215,60,8,44
V0215,30,8,50
V0215,30,10,18
V0215,30,9,77
V0215,30,1,86
V0215,60,4,53
V0215,30,11,22
V0216,60,0,118
V0216,45,12,42
V0216,45,5,42
V0216,30,15,111
V0216,45,13,63
V0216,30,8,23
V0216,45,2,29
V0216,45,9,14
V0216,30,8,31
V0216,45,10,69
V0216,60,6,72
V0216,60,2,61
V0216,45,11,68
V0216,30,6,62
V0216,30,6,19
V0216,30,0,102
V0216,30,7,62
V0216,30,0,5
V0216,45,2,6
V0216,60,9,74
V0216,45,4,90
V0216,45,21,30
V0216,45,2,119
V0216,45,0,81
V0216,45,0,16
V0216,60,4,73
V0217,45,11,47
V0217,45,2,82
V0217,45,1,78
V0217,30,0,41
V0217,60,5,62
V0217,30,7,77
V0217,30,12,65
V0217,60,8,40
V0217,60,1,32
V0217,30,4,86
V0217,60,0,10
V0217,30,0,17
V0217,45,16,29
V0217,45,3,40
V0217,45,0,117
V0217,60,7,89
V0217,60,8,47
V0217,30,20,86
V0217,45,9,6
V0217,30,15,86
V0217,30,12,76
V0217,45,4,81
V0217,30,12,15
V0217,60,5,98
V0217,45,12,63
V0217,60,7,65
V0217,45,5,115
V0218,45,15,118
V0218,60,11,104
V0218,45,5,27
V0218,30,0,79
V0218,45,8,101
V0218,60,0,69
V0218,45,13,45
V0218,45,16,48
V0218,60,8,58
V0218,30,22,109
V0218,60,7,39
V0218,30,5,82
V0218,60,0,65
V0218,30,3,49
V0218,45,9,56
V0218,60,6,40
V0218,60,4,23
V0218,30,10,44
V0218,60,1,80
V0218,45,1,80
V0218,45,8,22
V0218,30,22,26
V0218,30,0,39
V0218,60,4,102
V0219,60,9,21
V0219,60,3,104
V0219,60,11,32
V0219,60,6,33
V0219,30,12,81
V0219,45,14,26
V0219,60,0,116
V0219,45,2,94
V0219,60,15,101
V0219,60,6,68
V0219,60,3,30
V0219,30,14,90
V0219,45,3,52
V0219,45,0,109
V0219,45,8,7
V0219,60,6,56
V0219,30,10,16
V0219,30,4,78
V0219,45,11,62
V0219,60,0,89
V0219,60,0,25
V0219,60,6,59
V0219,45,12,11
V0220,30,0,9
V0220,45,4,119
V0220,45,0,15
V0220,60,0,85
V0220,60,0,49
V0220,45,9,33
V0220,60,12,104
V0220,30,0,10
V0220,45,0,61
V0220,45,0,99
V0220,30,4,68
V0220,30,0,108
V0220,45,13,114
V0220,60,5,116
V0220,45,8,46
V0220,30,17,42
V0220,30,7,28
V0220,45,13,89
V0220,30,6,8
V0220,60,12,40
V0220,30,2,47
V0220,45,0,30
V0221,30,20,24
V0221,30,5,100
V0221,45,1,56
V0221,30,5,71
V0221,45,15,104
V0221,60,0,90
V0221,45,5,49
V0221,60,8,75
V0221,60,13,10
V0221,45,13,116
V0221,30,21,83
V0221,30,0,115
V0221,45,3,87
V0221,60,1,70
V0221,60,10,104
V0221,60,24,41
V0221,60,9,24
V0221,45,0,48
V0222,45,7,59
V0222,30,0,50
V0222,30,14,9
V0222,60,13,110
V0222,45,6,78
V0222,30,12,80
V0222,30,0,18
V0222,60,0,72
V0222,30,15,7
V0222,45,17,81
V0222,30,0,19
V0222,30,5,44
V0222,60,21,67
V0222,60,11,51
V0222,60,3,20
V0222,30,0,45
V0223,45,10,71
V0223,45,19,31
V0223,45,4,26
V0223,30,9,60
V0223,30,12,35
V0223,60,11,8
V0223,60,9,38
V0223,30,12,109
V0223,45,4,39
V0223,45,0,100
V0223,60,0,15
V0223,45,0,114
V0223,60,15,62
V0223,60,5,107
V0223,60,14,92
V0223,45,15,87
V0223,60,6,66
V0223,45,15,101
V0223,60,12,117
V0223,30,10,5
V0223,30,7,59
V0223,30,0,84
V0223,45,11,117
V0224,45,1,116
V0224,60,3,102
V0224,30,3,51
V0224,30,7,77
V0224,45,16,114
V0224,45,12,17
V0224,45,9,14
V0224,30,4,23
V0224,45,7,53
V0224,45,15,53
V0224,45,9,65
V0224,60,0,64
V0224,60,29,28
V0224,45,8,32
V0224,45,0,93
V0224,30,12,109
V0224,45,8,11
V0224,60,0,77
V0224,60,0,55
V0224,45,2,26
V0224,60,8,28
V0224,60,2,24
V0224,60,10,50
V0224,45,18,111
V0224,45,6,47
V0224,30,0,47
V0224,30,11,40
V0225,45,13,13
V0225,45,0,95
V0225,60,3,53
V0225,45,11,63
V0225,60,4,88
V0225,60,7,34
V0225,60,13,84
V0225,45,12,45
V0225,45,0,35
V0225,30,10,40
V0225,60,19,30
V0225,60,6,53
V0225,60,8,67
V0225,60,16,81
V0225,60,9,53
V0225,30,2,26
V0226,30,13,65
V0226,30,0,10
V0226,30,0,110
V0226,60,5,107
V0226,45,12,108
V0226,30,10,7
V0226,60,0,107
V0226,30,5,117
V0226,60,3,12
V0226,30,12,101
V0226,45,12,79
V0226,30,9,119
V0226,45,6,59
V0226,45,0,48
V0226,30,18,98
V0226,30,10,105
V0226,45,0,50
V0226,30,6,92
V0226,30,9,16
V0226,30,11,97
V0226,30,0,10
V0226,30,4,63
V0226,30,2,71
V0227,30,9,88
V0227,30,9,102
V0227,30,0,36
V0227,60,3,22
V0227,60,10,24
V0227,60,8,95
V0227,30,8,63
V0227,60,0,43
V0227,45,9,70
V0227,45,11,116
V0227,30,10,83
V0227,60,9,115
V0227,45,7,31
V0227,60,5,81
V0227,30,11,71
V0228,30,0,69
V0228,45,0,77
V0228,45,2,5
V0228,60,0,109
V0228,45,0,9
V0228,30,5,76
V0228,30,4,117
V0228,45,13,10
V0228,45,9,73
V0228,60,0,100
V0228,30,17,97
V0228,60,12,19
V0228,45,6,81
V0228,45,16,45
V0228,30,2,91
V0228,60,5,8
V0228,45,9,55
V0228,30,7,45
V0228,30,13,34
V0228,30,16,75
V0228,45,11,97
V0228,60,10,53
V0228,30,9,115
V0228,60,7,21
V0228,60,9,28
V0228,60,9,116
V0228,45,9,29
V0228,60,0,44
V0229,30,1,10
V0229,30,6,86
V0229,60,16,47
V0229,60,2,67
V0229,60,10,22
V0229,45,9,24
V0229,45,17,52
V0229,45,9,51
V0229,45,2,101
V0229,45,8,9
V0229,30,0,115
V0229,60,0,35
V0229,45,11,60
V0229,30,2,80
V0229,60,4,77
V0229,45,10,19
V0229,60,14,74
V0229,45,10,35
V0229,45,14,26
V0229,30,7,16
V0230,30,2,68
V0230,30,10,30
V0230,45,0,97
V0230,30,5,14
V0230,60,12,46
V0230,30,9,44
V0230,60,7,66
V0230,60,13,92
V0230,30,14,118
V0230,30,7,71
V0230,60,10,74
V0230,60,11,75
V0230,45,0,47
V0230,30,19,69
V0230,30,2,67
V0230,30,0,33
V0231,30,8,16
V0231,45,11,84
V0231,30,1,60
V0231,30,16,93
V0231,60,4,16
V0231,45,19,92
V0231,60,4,41
V0231,30,0,71
V0231,45,8,119
V0231,45,10,101
V0231,60,14,86
V0231,45,13,50
V0231,45,0,35
V0231,60,0,61
V0231,30,2,90
V0231,30,5,20
V0231,45,0,16
V0231,30,15,91
V0231,60,0,104
V0231,45,0,91
V0231,45,10,7
V0231,45,10,79
V0231,45,0,94
V0231,60,8,9
V0231,45,9,10
V0231,60,1,112
V0231,60,2,82
V0232,60,14,30
V0232,30,6,74
V0232,60,2,71
V0232,45,0,36
V0232,30,12,80
V0232,45,13,67
V0232,45,15,15
V0232,60,10,23
V0232,45,4,76
V0232,30,9,27
V0232,60,7,6
V0232,45,15,61
V0232,30,11,98
V0232,45,12,42
V0232,30,6,28
V0232,45,8,6
V0232,60,7,21
V0232,45,7,95
V0232,60,4,99
V0232,60,0,108
V0233,60,20,98
V0233,60,9,107
V0233,30,4,108
V0233,45,7,82
V0233,30,6,64
V0233,60,3,47
V0233,30,11,31
V0233,45,16,14
V0233,60,11,58
V0233,60,13,11
V0233,30,21,29
V0233,45,0,21
V0233,45,4,112
V0233,30,11,95
V0233,45,6,44
V0233,45,0,98
V0233,60,19,107
V0234,30,4,108
V0234,30,3,28
V0234,60,10,65
V0234,60,5,15
V0234,45,9,93
V0234,45,3,98
V0234,60,10,64
V0234,30,0,20
V0234,30,5,14
V0234,30,0,64
V0234,45,4,28
V0234,60,0,13
V0234,45,4,112
V0234,45,6,113
V0234,30,2,31
V0234,45,0,77
V0234,45,0,77
V0234,30,8,47
V0234,60,5,72
V0234,45,20,29
V0234,30,2,65
V0234,30,2,38
V0234,60,3,109
V0234,60,1,19
V0234,45,12,9
V0234,30,2,50
V0234,30,9,104
V0235,30,1,75
V0235,30,11,29
V0235,30,6,91
V0235,30,8,65
V0235,60,13,36
V0235,60,8,56
V0235,45,7,67
V0235,45,5,54
V0235,45,13,77
V0235,30,15,91
V0235,45,10,34
V0235,45,4,59
V0235,60,14,29
V0235,60,9,20
V0235,60,3,88
V0236,60,10,74
V0236,45,7,20
V0236,60,6,22
V0236,45,1,18
V0236,30,8,79
V0236,30,0,7
V0236,45,6,99
V0236,60,8,60
V0236,45,7,81
V0236,45,15,60
V0236,60,0,107
V0236,30,7,94
V0236,45,4,59
V0236,30,0,118
V0236,45,14,84
V0236,60,19,24
V0236,60,8,119
V0236,45,13,80
V0236,30,0,64
V0236,45,10,48
V0236,45,6,48
V0236,45,8,47
V0236,45,3,14
V0236,45,13,25
V0236,45,11,45
V0236,60,10,15
V0236,45,0,67
V0236,60,1,113
V0236,30,12,45
V0237,60,0,7
V0237,30,4,36
V0237,45,12,79
V0237,30,8,54
V0237,30,20,118
V0237,60,15,64
V0237,60,13,66
V0237,45,14,15
V0237,30,13,89
V0237,60,2,32
V0237,45,2,27
V0237,45,7,103
V0237,45,7,50
V0237,30,9,67
V0237,45,3,84
V0237,60,2,20
V0237,30,13,38
V0237,30,9,27
V0237,60,12,24
V0237,60,3,97
V0237,45,11,115
V0237,30,8,85
V0237,60,9,94
V0237,45,2,12
V0237,60,13,81
V0237,60,11,91
V0238,60,2,70
V0238,60,8,70
V0238,30,5,43
V0238,60,0,92
V0238,30,6,112
V0238,45,15,46
V0238,30,8,5
V0238,60,2,52
V0238,45,5,47
V0238,60,6,111
V0238,30,3,67
V0238,45,0,62
V0238,30,7,102
V0238,45,0,8
V0238,60,6,79
V0238,30,0,31
V0238,45,1,108
V0239,60,11,83
V0239,30,4,114
V0239,30,7,82
V0239,60,8,58
V0239,60,13,73
V0239,60,5,26
V0239,60,0,79
V0239,60,14,78
V0239,45,6,94
V0239,60,15,66
V0239,30,1,55
V0239,30,14,40
V0239,30,6,64
V0239,60,16,33
V0239,60,9,9
V0239,60,8,97
V0239,30,13,55
V0239,30,13,95
V0239,30,0,42
V0239,60,0,101
V0239,30,14,74
V0239,30,6,15
V0239,60,10,6
V0239,30,11,50
V0239,60,8,53
V0239,30,14,73
V0239,45,4,95
V0239,60,8,11
V0239,60,22,102
V0240,30,14,38
V0240,30,5,13
V0240,30,0,78
V0240,60,12,11
V0240,60,0,23
V0240,45,7,64
V0240,45,5,93
V0240,30,2,35
V0240,60,3,24
V0240,30,20,56
V0240,30,3,8
V0240,60,12,23
V0240,45,6,41
V0240,45,7,65
V0240,30,15,24
V0240,45,0,104
V0241,30,12,108
V0241,60,4,101
V0241,45,8,100
V0241,45,0,7
V0241,45,3,23
V0241,60,5,62
V0241,60,17,18
V0241,45,0,12
V0241,45,16,61
V0241,45,25,104
V0241,45,0,47
V0241,30,0,96
V0241,30,0,11
V0241,30,4,97
V0241,45,14,82
V0242,60,9,55
V0242,60,15,38
V0242,30,1,20
V0242,60,4,35
V0242,30,14,9
V0242,45,2,24
V0242,60,4,6
V0242,45,4,79
V0242,30,6,97
V0242,30,4,65
V0242,30,8,42
V0242,60,6,65
V0242,60,10,114
V0242,30,5,10
V0242,60,5,84
V0242,45,9,101
V0242,45,7,58
V0242,60,11,45
V0242,60,8,43
V0243,30,3,98
V0243,60,11,29
V0243,60,14,28
V0243,45,7,108
V0243,45,9,83
V0243,45,0,30
V0243,30,7,83
V0243,30,5,46
V0243,45,13,90
V0243,60,13,53
V0243,30,10,58
V0243,45,0,70
V0243,45,8,61
V0243,30,11,58
V0243,60,6,95
V0243,45,14,55
V0243,60,9,24
V0243,30,2,53
V0243,30,10,26
V0243,30,7,41
V0244,30,4,9
V0244,60,4,45
V0244,45,3,69
V0244,45,7,47
V0244,45,11,67
V0244,60,1,28
V0244,30,15,20
V0244,45,11,84
V0244,60,2,12
V0244,30,8,10
V0244,60,10,6
V0244,45,12,101
V0244,60,5,10
V0244,45,11,48
V0244,60,15,113
V0244,30,9,57
V0244,60,10,44
V0244,45,10,65
V0244,45,8,35
V0244,45,14,84
V0244,60,6,84
V0244,60,0,89
V0244,60,5,6
V0244,45,3,8
V0244,60,6,18
V0244,60,8,92
V0245,60,9,57
V0245,45,7,73
V0245,45,13,5
V0245,30,0,77
V0245,60,5,66
V0245,45,10,52
V0245,45,7,30
V0245,60,7,29
V0245,45,5,56
V0245,30,11,7
V0245,45,9,66
V0245,60,10,18
V0245,60,4,112
V0245,30,5,118
V0245,60,9,11
V0245,30,2,22
V0246,30,1,5
V0246,60,2,19
V0246,45,0,81
V0246,30,8,53
V0246,45,0,66
V0246,60,0,59
V0246,30,2,58
V0246,45,1,47
V0246,60,4,72
V0246,30,18,67
V0246,45,5,85
V0246,60,1,42
V0246,60,1,12
V0246,30,4,101
V0246,60,3,106
V0246,30,16,38
V0246,45,0,69
V0246,30,6,90
V0246,45,6,104
V0246,30,5,42
V0246,30,11,64
V0246,60,12,40
V0247,30,19,13
V0247,60,1,23
V0247,30,9,38
V0247,30,6,35
V0247,45,0,101
V0247,30,7,17
V0247,30,14,98
V0247,45,0,39
V0247,45,2,44
V0247,45,6,78
V0247,60,0,116
V0247,45,10,7
V0247,45,8,43
V0247,60,2,83
V0247,45,0,8
V0247,30,19,107
V0247,30,8,31
V0247,30,12,101
V0247,45,1,79
V0247,45,7,44
V0248,60,8,5
V0248,45,9,119
V0248,45,6,89
V0248,30,11,82
V0248,45,11,9
V0248,45,5,107
V0248,30,0,79
V0248,45,11,21
V0248,60,6,46
V0248,60,11,66
V0248,45,13,10
V0248,60,3,103
V0248,60,10,12
V0248,60,0,97
V0248,30,7,37
V0248,45,5,9
V0248,45,11,106
V0249,45,4,34
V0249,30,0,51
V0249,30,0,115
V0249,60,12,75
V0249,30,9,47
V0249,60,9,57
V0249,60,13,8
V0249,30,0,73
V0249,60,5,73
V0249,60,0,83
V0249,60,10,59
V0249,60,11,81
V0249,60,9,42
V0249,30,16,24
V0249,30,13,49
V0249,60,4,56
V0249,45,14,29
V0249,30,12,106
V0249,45,6,5
V0249,45,3,75
V0249,45,0,12
V0249,30,13,103
V0249,45,15,47
V0249,30,13,21
V0249,60,4,58
V0249,60,0,58
V0249,30,9,15
V0249,60,1,111
V0250,45,4,14
V0250,45,1,113
V0250,60,6,46
V0250,60,14,110
V0250,30,0,105
V0250,30,0,67
V0250,30,14,79
V0250,30,8,36
V0250,45,6,91
V0250,45,7,74
V0250,60,3,75
V0250,45,8,39
V0250,60,4,39
V0250,60,8,83
V0250,30,7,56
V0250,30,13,110
V0250,45,4,22
V0250,60,0,57
V0250,45,9,29
V0250,60,4,40
V0250,30,16,76
V0250,60,11,48
V0250,45,6,78
V0250,30,7,77
V0250,45,13,89
V0251,60,7,12
V0251,30,10,62
V0251,45,2,58
V0251,60,11,98
V0251,30,10,79
V0251,45,1,23
V0251,60,4,76
V0251,30,4,21
V0251,30,13,8
V0251,60,9,92
V0251,60,8,112
V0251,30,8,37
V0251,30,5,68
V0251,30,5,25
V0251,45,10,62
V0251,45,5,116
V0251,30,2,100
V0251,30,10,59
V0251,30,2,102
V0251,60,0,94
V0251,30,6,100
V0251,60,7,16
V0251,45,0,9
V0251,30,1,58
V0251,30,1,22
V0251,30,12,14
V0251,60,2,74
V0251,45,3,74
V0252,45,8,70
V0252,45,8,119
V0252,30,6,51
V0252,45,11,60
V0252,30,10,115
V0252,45,0,48
V0252,30,0,93
V0252,60,16,11
V0252,45,10,49
V0252,45,15,23
V0252,45,6,81
V0252,45,13,63
V0252,45,13,51
V0252,45,3,36
V0252,60,12,99
V0252,30,8,98
V0252,60,5,39
V0253,45,8,118
V0253,30,15,106
V0253,30,0,29
V0253,45,17,91
V0253,30,0,79
V0253,45,19,9
V0253,45,11,21
V0253,60,0,25
V0253,30,6,42
V0253,45,0,95
V0253,60,25,75
V0253,45,9,80
V0253,60,7,7
V0253,60,18,13
V0253,30,9,10
V0253,60,6,20
V0253,30,3,27
V0253,60,8,117
V0253,30,6,32
V0253,45,18,114
V0253,60,2,119
V0253,30,1,35
V0254,30,1,80
V0254,60,3,20
V0254,45,11,90
V0254,30,13,105
V0254,60,0,41
V0254,30,6,100
V0254,45,14,50
V0254,30,2,67
V0254,60,10,116
V0254,30,7,101
V0254,60,3,26
V0254,60,5,70
V0254,60,3,45
V0254,45,11,46
V0254,60,0,37
V0254,30,9,105
V0254,45,2,114
V0255,30,11,106
V0255,60,6,57
V0255,60,9,38
V0255,45,5,28
V0255,30,4,98
V0255,45,2,11
V0255,30,9,84
V0255,45,9,39
V0255,30,7,16
V0255,60,15,58
V0255,45,0,37
V0255,60,7,106
V0255,30,18,92
V0255,30,8,50
V0255,45,20,78
V0255,45,11,16
V0255,60,3,41
V0255,45,10,45
V0255,45,7,72
V0255,30,2,40
V0256,30,11,27
V0256,45,11,90
V0256,45,0,117
V0256,45,12,56
V0256,30,0,6
V0256,30,13,100
V0256,45,0,85
V0256,30,1,90
V0256,30,11,44
V0256,45,8,83
V0256,60,9,34
V0256,60,12,28
V0256,30,10,53
V0256,30,0,94
V0256,30,10,72
V0256,60,2,96
V0256,60,13,36
V0256,30,10,35
V0256,45,5,51
V0256,60,8,19
V0256,45,8,25
V0256,45,14,45
V0256,60,4,84
V0256,60,7,25
V0256,45,11,73
V0256,30,2,47
V0256,60,14,77
V0257,60,10,84
V0257,45,2,63
V0257,30,6,7
V0257,45,3,105
V0257,60,12,90
V0257,45,10,11
V0257,60,5,37
V0257,45,6,19
V0257,30,9,82
V0257,30,8,43
V0257,30,18,77
V0257,60,7,97
V0257,60,11,88
V0257,45,6,58
V0257,60,0,74
V0257,30,0,95
V0257,60,7,50
V0257,60,0,33
V0257,30,0,72
V0257,45,12,28
V0257,45,14,44
V0257,45,9,49
V0257,60,3,103
V0257,30,2,88
V0257,45,14,108
V0257,30,2,58
V0258,30,12,107
V0258,60,5,22
V0258,45,4,64
V0258,30,0,117
V0258,30,5,53
V0258,30,10,13
V0258,30,0,64
V0258,60,17,8
V0258,30,5,49
V0258,60,0,78
V0258,60,0,94
V0258,30,3,47
V0258,30,11,10
V0258,45,24,8
V0258,45,1,83
V0258,45,8,17
V0258,45,10,64
V0259,30,0,71
V0259,45,2,82
V0259,30,6,33
V0259,45,11,74
V0259,60,6,114
V0259,45,5,30
V0259,60,5,20
V0259,45,0,68
V0259,30,15,118
V0259,45,5,110
V0259,60,16,23
V0259,45,10,29
V0259,45,6,68
V0259,60,7,61
V0259,60,4,99
V0259,45,3,52
V0259,60,16,46
V0259,30,6,24
V0259,30,7,38
V0259,30,4,91
V0259,60,9,62
V0259,60,0,29
V0259,30,3,10
V0259,30,14,76
V0260,45,1,44
V0260,60,18,107
V0260,60,0,79
V0260,60,9,71
V0260,45,9,68
V0260,45,7,85
V0260,30,6,79
V0260,30,7,82
V0260,60,10,76
V0260,30,5,76
V0260,60,9,76
V0260,45,7,17
V0260,45,16,78
V0260,45,14,60
V0260,45,1,26
V0261,30,6,94
V0261,45,0,15
V0261,45,12,16
V0261,30,0,34
V0261,45,4,79
V0261,45,14,116
V0261,60,7,94
V0261,30,5,71
V0261,60,0,32
V0261,45,0,116
V0261,60,14,73
V0261,45,7,51
V0261,45,9,110
V0261,60,6,38
V0261,30,10,70
V0261,60,8,77
V0261,60,10,8
V0261,60,0,95
V0261,30,0,56
V0261,30,5,102
V0261,45,1,43
V0261,30,18,52
V0261,30,18,93
V0262,45,10,76
V0262,45,0,86
V0262,45,7,91
V0262,60,9,23
V0262,60,6,106
V0262,30,7,112
V0262,45,1,58
V0262,45,9,58
V0262,60,0,52
V0262,60,8,39
V0262,60,4,7
V0262,60,11,91
V0262,30,3,38
V0262,45,12,72
V0262,30,10,42
V0262,45,7,17
V0262,30,4,41
V0262,60,0,8
V0262,45,6,99
V0262,45,9,76
V0262,60,0,39
V0262,45,3,52
V0262,45,12,59
V0262,60,10,99
V0262,30,14,25
V0262,30,0,24
V0263,30,2,69
V0263,60,10,100
V0263,30,15,78
V0263,60,2,49
V0263,30,9,35
V0263,45,9,53
V0263,60,0,10
V0263,45,5,41
V0263,45,5,57
V0263,30,10,114
V0263,30,1,62
V0263,60,7,8
V0263,30,0,41
V0263,60,10,36
V0263,45,9,81
V0263,60,0,21
V0263,45,10,94
V0263,60,3,20
V0263,30,7,19
V0263,60,9,116
V0263,60,3,104
V0263,45,12,119
V0263,45,6,64
V0264,45,0,118
V0264,60,5,5
V0264,60,9,96
V0264,45,0,104
V0264,60,16,28
V0264,60,5,62
V0264,60,0,12
V0264,60,0,39
V0264,30,7,52
V0264,30,11,74
V0264,30,0,70
V0264,30,8,84
V0264,30,0,35
V0264,30,10,17
V0264,30,16,44
V0264,30,1,115
V0264,60,4,55
V0264,60,1,80
V0264,45,2,93
V0264,45,0,17
V0264,30,7,99
V0264,60,3,71
V0265,30,13,30
V0265,60,4,12
V0265,45,13,58
V0265,45,3,61
V0265,45,10,17
V0265,45,14,115
V0265,60,9,99
V0265,30,12,42
V0265,45,0,88
V0265,60,2,106
V0265,30,10,61
V0265,30,9,108
V0265,30,13,8
V0265,30,21,51
V0265,30,9,98
V0265,30,6,18
V0265,45,5,73
V0265,30,5,80
V0265,45,10,63
V0266,45,13,78
V0266,30,10,64
V0266,30,0,17
V0266,60,7,106
V0266,60,10,109
V0266,30,0,32
V0266,30,9,59
V0266,45,11,83
V0266,45,7,46
V0266,45,6,8
V0266,45,12,104
V0266,45,10,68
V0266,45,9,84
V0266,60,1,87
V0266,60,2,52
V0266,60,11,102
V0266,30,5,5
V0266,30,4,75
V0266,45,2,14
V0266,30,18,44
V0266,30,10,18
V0267,60,0,89
V0267,45,3,24
V0267,30,15,114
V0267,60,0,33
V0267,60,10,93
V0267,30,13,116
V0267,30,0,65
V0267,30,9,93
V0267,45,4,34
V0267,45,11,31
V0267,60,8,90
V0267,30,10,58
V0267,30,0,87
V0267,45,1,18
V0267,30,8,92
V0267,30,0,67
V0267,60,13,110
V0267,60,0,83
V0267,30,10,21
V0267,60,2,73
V0267,30,11,91
V0267,60,5,70
V0267,60,4,89
V0268,30,8,105
V0268,60,0,47
V0268,45,9,18
V0268,60,3,76
V0268,30,16,52
V0268,60,1,48
V0268,30,8,102
V0268,45,0,105
V0268,30,9,84
V0268,45,14,35
V0268,45,7,16
V0268,60,0,108
V0268,60,6,27
V0268,30,8,47
V0268,60,12,77
V0268,45,3,59
V0268,45,4,22
V0268,30,9,109
V0268,45,5,59
V0268,45,4,14
V0268,45,7,21
V0268,45,12,18
V0268,60,0,28
V0268,60,7,108
V0269,45,16,26
V0269,60,10,37
V0269,60,12,22
V0269,45,3,54
V0269,45,14,86
V0269,60,16,16
V0269,60,9,28
V0269,60,16,67
V0269,60,0,78
V0269,60,1,6
V0269,30,26,90
V0269,30,4,5
V0269,60,8,91
V0269,45,0,80
V0269,60,6,111
V0269,45,4,112
V0269,45,7,43
V0269,60,6,68
V0269,45,4,45
V0269,45,10,9
V0270,45,7,72
V0270,60,5,14
V0270,30,2,22
V0270,60,5,99
V0270,45,16,48
V0270,45,6,46
V0270,30,4,58
V0270,45,10,50
V0270,45,0,65
V0270,60,8,24
V0270,60,8,17
V0270,60,1,72
V0270,30,4,90
V0270,30,11,42
V0270,30,7,83
V0270,60,10,102
V0270,60,3,102
V0270,30,0,37
V0270,30,11,71
V0271,30,9,18
V0271,30,1,48
V0271,30,4,101
V0271,60,2,119
V0271,60,9,34
V0271,30,6,48
V0271,45,11,35
V0271,30,12,27
V0271,45,0,107
V0271,30,3,28
V0271,30,9,33
V0271,45,9,63
V0271,60,0,9
V0271,45,7,60
V0271,30,3,95
V0271,30,3,51
V0271,60,7,86
V0271,30,14,67
V0271,45,13,42
V0271,60,0,101
V0271,60,10,16
V0271,60,8,91
V0271,30,0,26
V0271,60,9,33
V0272,60,0,19
V0272,30,2,107
V0272,30,11,90
V0272,60,2,86
V0272,60,11,50
V0272,60,5,118
V0272,45,6,67
V0272,60,9,102
V0272,60,0,111
V0272,30,6,107
V0272,45,12,61
V0272,30,0,110
V0272,45,1,49
V0272,60,14,112
V0272,30,6,45
V0272,45,2,100
V0272,30,9,79
V0272,60,0,114
V0272,60,1,82
V0273,60,1,38
V0273,30,8,24
V0273,45,0,30
V0273,30,7,69
V0273,45,11,59
V0273,30,0,37
V0273,45,8,7
V0273,45,10,10
V0273,30,12,32
V0273,30,1,27
V0273,45,1,37
V0273,45,10,52
V0273,30,5,106
V0273,60,6,18
V0273,45,1,63
V0273,45,4,74
V0273,45,7,21
V0273,45,0,119
V0273,60,7,61
V0273,30,2,47
V0273,30,12,98
V0273,60,8,81
V0273,30,14,116
V0273,45,2,114
V0274,45,7,119
V0274,45,7,19
V0274,30,8,12
V0274,45,7,62
V0274,30,9,50
V0274,45,6,107
V0274,45,14,38
V0274,45,6,88
V0274,60,11,119
V0274,45,0,67
V0274,30,3,115
V0274,30,5,70
V0274,60,8,96
V0274,30,18,66
V0274,30,9,64
V0274,30,6,48
V0274,30,3,95
V0274,60,6,77
V0274,60,5,73
V0274,45,0,95
V0274,30,17,5
V0274,30,10,119
V0275,30,7,92
V0275,60,7,100
V0275,45,1,25
V0275,60,13,62
V0275,30,6,108
V0275,30,3,113
V0275,30,7,64
V0275,45,12,99
V0275,30,18,43
V0275,30,12,101
V0275,30,3,88
V0275,60,15,106
V0275,30,0,65
V0275,30,0,60
V0275,45,10,75
V0275,30,14,21
V0275,45,6,113
V0275,30,15,77
V0275,45,7,60
V0275,45,7,56
V0276,45,3,32
V0276,45,0,80
V0276,60,14,27
V0276,45,21,21
V0276,60,1,36
V0276,30,0,90
V0276,30,15,87
V0276,60,13,30
V0276,30,13,66
V0276,45,9,77
V0276,45,13,56
V0276,30,8,64
V0276,45,7,68
V0276,30,4,112
V0276,45,0,65
V0276,60,10,83
V0276,60,0,92
V0276,30,0,62
V0276,45,7,83
V0276,30,9,19
V0276,60,4,39
V0276,60,7,10
V0276,60,11,77
V0277,45,6,104
V0277,60,7,98
V0277,45,9,42
V0277,30,5,50
V0277,60,5,99
V0277,30,17,11
V0277,45,0,20
V0277,30,0,25
V0277,45,17,36
V0277,60,7,60
V0277,45,6,27
V0277,30,7,55
V0277,45,7,29
V0277,60,9,50
V0277,60,0,74
V0277,60,10,47
V0278,60,17,31
V0278,45,16,66
V0278,30,0,9
V0278,60,0,71
V0278,30,6,9
V0278,60,7,31
V0278,60,10,117
V0278,30,0,62
V0278,45,4,104
V0278,30,11,16
V0278,60,9,105
V0278,45,3,46
V0278,45,13,95
V0278,60,1,106
V0278,45,5,74
V0278,45,10,86
V0278,45,5,28
V0279,30,10,30
V0279,60,2,66
V0279,45,7,28
V0279,60,0,99
V0279,45,13,82
V0279,45,9,66
V0279,60,5,18
V0279,60,1,112
V0279,30,5,103
V0279,30,9,88
V0279,45,6,83
V0279,45,13,70
V0279,30,9,11
V0279,45,6,76
V0279,45,11,72
V0279,30,2,93
V0279,30,0,114
V0279,45,4,89
V0280,60,2,31
V0280,45,0,32
V0280,45,6,36
V0280,60,1,26
V0280,45,13,14
V0280,30,0,69
V0280,60,9,74
V0280,45,10,45
V0280,30,13,37
V0280,30,3,56
V0280,45,3,60
V0280,60,0,117
V0280,45,12,98
V0280,45,3,51
V0280,30,10,22
V0280,30,4,75
V0280,60,18,18
V0280,30,17,14
V0280,60,8,23
V0280,30,8,68
V0280,60,10,10
V0280,30,3,46
V0280,60,11,103
V0280,45,12,39
V0280,45,0,36
V0281,45,2,38
V0281,30,2,103
V0281,60,16,72
V0281,30,9,68
V0281,30,23,73
V0281,60,0,10
V0281,60,4,96
V0281,60,12,107
V0281,45,11,89
V0281,30,3,94
V0281,30,8,85
V0281,30,0,24
V0281,60,11,51
V0281,30,11,106
V0281,30,14,77
V0281,30,1,9
V0281,30,3,29
V0281,45,6,38
V0281,30,13,82
V0282,45,0,50
V0282,30,0,31
V0282,45,2,49
V0282,45,21,36
V0282,30,0,62
V0282,60,11,94
V0282,30,11,18
V0282,30,8,116
V0282,45,2,12
V0282,60,10,77
V0282,45,2,22
V0282,30,12,48
V0282,60,6,27
V0282,60,6,69
V0282,45,14,36
V0282,30,14,47
V0282,45,9,61
V0282,45,10,52
V0282,60,11,77
V0282,30,8,116
V0282,30,0,89
V0282,30,6,72
V0282,30,8,32
V0282,45,5,110
V0282,60,1,17
V0283,30,7,61
V0283,45,8,67
V0283,30,0,69
V0283,45,5,114
V0283,45,12,73
V0283,60,8,29
V0283,60,8,42
V0283,45,0,38
V0283,45,10,56
V0283,45,5,39
V0283,45,4,51
V0283,30,0,63
V0283,30,18,62
V0283,45,12,19
V0283,45,7,92
V0283,45,1,114
V0283,30,10,39
V0283,60,14,29
V0283,45,16,52
V0283,60,10,106
V0283,60,5,24
V0283,45,5,72
V0283,45,9,102
V0283,60,0,36
V0283,30,2,105
V0283,30,5,70
V0283,60,6,8
V0283,30,0,110
V0283,30,14,101
V0284,30,5,82
V0284,45,0,74
V0284,30,15,7
V0284,60,11,40
V0284,30,0,90
V0284,30,10,111
V0284,60,4,105
V0284,60,9,91
V0284,30,5,68
V0284,45,0,85
V0284,30,7,106
V0284,45,8,12
V0284,30,10,71
V0284,30,2,83
V0284,45,7,40
V0284,30,1,74
V0284,45,1,64
V0284,45,6,14
V0285,60,18,94
V0285,60,3,17
V0285,60,14,91
V0285,60,10,36
V0285,60,15,76
V0285,45,0,108
V0285,45,16,46
V0285,60,0,37
V0285,45,10,61
V0285,30,0,72
V0285,60,14,7
V0285,30,0,43
V0285,45,15,20
V0285,60,11,79
V0285,30,18,12
V0286,60,13,118
V0286,45,7,18
V0286,45,14,67
V0286,45,11,98
V0286,60,4,56
V0286,60,0,50
V0286,30,17,49
V0286,60,12,14
V0286,30,0,115
V0286,30,21,23
V0286,45,9,11
V0286,30,15,52
V0286,45,2,82
V0286,30,10,116
V0286,60,1,97
V0286,60,10,55
V0286,30,10,90
V0286,45,9,63
V0286,45,8,66
V0286,60,1,48
V0286,30,4,48
V0286,45,13,108
V0286,60,6,7
V0286,60,0,39
V0286,30,11,52
V0287,45,18,18
V0287,60,0,33
V0287,30,0,94
V0287,30,0,77
V0287,45,5,85
V0287,45,14,66
V0287,45,12,77
V0287,45,15,109
V0287,45,2,104
V0287,30,5,93
V0287,60,2,83
V0287,30,21,112
V0287,60,0,10
V0287,30,0,10
V0287,30,6,44
V0287,60,0,95
V0287,45,0,24
V0287,45,0,64
V0287,45,5,54
V0287,45,5,60
V0287,45,6,12
V0287,60,2,107
V0287,60,4,20
V0287,60,5,43
V0287,60,6,37
V0288,45,8,107
V0288,60,0,90
V0288,30,11,23
V0288,60,17,24
V0288,30,3,115
V0288,30,3,11
V0288,60,0,64
V0288,30,12,104
V0288,45,6,104
V0288,60,2,45
V0288,45,12,10
V0288,60,0,13
V0288,30,6,102
V0288,30,2,71
V0288,60,5,42
V0288,30,19,6
V0288,30,14,82
V0288,60,14,8
V0288,60,10,98
V0288,45,13,49
V0288,30,0,66
V0288,45,5,40
V0289,30,15,42
V0289,60,0,103
V0289,30,0,13
V0289,30,12,92
V0289,45,3,55
V0289,45,6,34
V0289,30,8,12
V0289,30,6,117
V0289,30,8,101
V0289,30,12,111
V0289,45,2,54
V0289,45,12,52
V0289,60,8,98
V0289,30,10,60
V0289,45,12,61
V0289,30,27,96
V0289,30,8,109
V0289,60,2,119
V0289,45,0,8
V0290,30,3,79
V0290,60,3,37
V0290,30,6,5
V0290,45,11,49
V0290,60,13,32
V0290,30,13,111
V0290,60,13,50
V0290,30,1,52
V0290,30,10,16
V0290,45,11,19
V0290,60,1,67
V0290,30,5,45
V0290,30,5,93
V0290,45,5,65
V0290,60,4,93
V0290,30,21,36
V0290,60,10,77
V0290,60,19,79
V0290,45,3,115
V0290,30,0,54
V0290,30,8,98
V0290,30,6,18
V0290,30,0,38
V0290,30,11,37
V0290,30,16,9
V0290,60,2,16
V0290,30,8,112
V0290,60,10,49
V0291,45,6,112
V0291,60,8,114
V0291,45,2,100
V0291,45,4,15
V0291,60,12,16
V0291,60,1,5
V0291,60,9,64
V0291,45,8,58
V0291,60,8,84
V0291,30,13,98
V0291,30,10,13
V0291,60,5,92
V0291,60,3,98
V0291,30,8,6
V0291,45,1,108
V0291,60,12,22
V0291,45,1,56
V0291,60,6,83
V0291,45,7,55
V0291,60,0,61
V0291,45,11,107
V0291,30,6,103
V0291,30,10,68
V0291,60,16,31
V0291,30,16,40
V0291,60,0,78
V0291,45,8,88
V0292,45,12,84
V0292,60,0,36
V0292,30,0,44
V0292,60,13,113
V0292,30,5,27
V0292,45,0,54
V0292,60,13,118
V0292,30,8,11
V0292,45,4,91
V0292,45,9,102
V0292,45,11,58
V0292,30,17,19
V0292,60,6,44
V0292,45,2,80
V0292,60,13,19
V0292,45,9,97
V0292,30,5,69
V0292,45,8,60
V0292,45,0,82
V0292,45,17,118
V0292,60,0,45
V0292,30,8,89
V0292,60,8,22
V0292,45,12,10
V0292,45,0,84
V0292,45,1,62
V0292,30,0,46
V0292,45,13,57
V0292,30,4,50
V0293,45,13,79
V0293,60,0,96
V0293,30,9,6
V0293,45,15,82
V0293,45,0,56
V0293,45,13,63
V0293,30,8,105
V0293,45,0,91
V0293,45,13,104
V0293,45,1,15
V0293,45,1,6
V0293,30,4,76
V0293,45,17,45
V0293,30,6,34
V0293,30,10,39
V0293,30,18,21
V0293,45,4,104
V0293,30,11,115
V0293,45,5,50
V0293,45,9,68
V0293,45,5,33
V0293,45,19,96
V0293,60,15,41
V0293,45,0,14
V0293,30,4,31
V0293,30,5,11
V0294,60,15,45
V0294,60,1,91
V0294,60,10,26
V0294,45,14,28
V0294,30,2,41
V0294,30,0,87
V0294,60,5,5
V0294,45,4,88
V0294,60,8,33
V0294,60,8,66
V0294,60,9,20
V0294,45,12,111
V0294,30,7,30
V0294,60,7,77
V0294,30,2,110
V0294,30,10,33
V0294,45,1,54
V0294,45,5,9
V0294,30,5,10
V0294,45,3,53
V0294,45,8,60
V0294,60,3,75
V0294,45,0,117
V0295,45,17,16
V0295,30,3,86
V0295,30,14,14
V0295,60,0,53
V0295,45,1,16
V0295,60,0,20
V0295,30,6,23
V0295,30,3,74
V0295,30,3,9
V0295,30,10,7
V0295,45,12,99
V0295,30,4,7
V0295,45,0,116
V0295,60,9,108
V0295,30,7,114
V0295,60,2,88
V0295,60,4,61
V0295,30,6,63
V0295,30,0,32
V0296,60,4,13
V0296,30,3,42
V0296,30,11,63
V0296,60,0,107
V0296,45,17,19
V0296,30,14,39
V0296,45,5,32
V0296,60,6,33
V0296,45,13,31
V0296,30,17,83
V0296,60,5,32
V0296,30,0,54
V0296,45,13,80
V0296,45,0,107
V0296,60,7,69
V0296,30,3,68
V0296,60,5,49
V0296,60,7,112
V0296,30,12,95
V0297,60,4,19
V0297,30,13,64
V0297,45,4,48
V0297,60,7,58
V0297,60,11,64
V0297,45,13,84
V0297,60,19,49
V0297,30,8,43
V0297,45,0,97
V0297,60,0,66
V0297,30,16,77
V0297,45,6,53
V0297,60,20,14
V0297,45,6,101
V0297,45,0,62
V0297,45,0,75
V0297,30,9,5
V0297,30,16,17
V0297,60,6,16
V0297,60,0,73
V0298,45,0,106
V0298,45,2,46
V0298,60,6,25
V0298,60,17,54
V0298,60,0,47
V0298,45,4,9
V0298,45,4,30
V0298,45,10,79
V0298,60,9,67
V0298,45,3,99
V0298,45,10,32
V0298,45,0,45
V0298,60,7,47
V0298,30,9,56
V0298,30,9,84
V0298,30,12,68
V0298,30,8,12
V0298,60,9,115
V0298,60,12,63
V0299,30,8,112
V0299,30,8,68
V0299,45,0,57
V0299,45,0,43
V0299,45,7,49
V0299,60,0,102
V0299,60,8,25
V0299,45,21,79
V0299,45,0,58
V0299,60,1,95
V0299,45,4,51
V0299,45,0,64
V0299,30,22,101
V0299,45,2,104
V0299,30,14,111
V0300,30,1,9
V0300,30,2,62
V0300,60,0,16
V0300,45,8,65
V0300,60,8,79
V0300,45,4,34
V0300,30,0,5
V0300,30,8,102
V0300,60,15,102
V0300,30,16,84
V0300,30,10,96
V0300,45,2,115
V0300,60,12,35
V0300,45,8,57
V0300,60,3,68
V0300,60,18,92
V0300,45,8,66
V0300,45,2,63
V0300,30,0,119
V0300,60,8,67
V0300,45,0,39
V0300,30,0,106
V0300,30,0,31
V0300,45,7,55
